.venv/bin/python -m pytest tests/unit -v
============================= test session starts ==============================
platform linux -- Python 3.12.13, pytest-9.1.1, pluggy-1.6.0 -- /home/bkrabach/dev/hw-model-performance/lanes/c0e-ccv1-023-ledger-note/amplifier-work-tracker/.venv/bin/python
cachedir: .pytest_cache
rootdir: /home/bkrabach/dev/hw-model-performance/lanes/c0e-ccv1-023-ledger-note/amplifier-work-tracker
configfile: pyproject.toml
plugins: anyio-4.15.1, asyncio-1.4.0, amplifier-core-1.6.1
asyncio: mode=Mode.STRICT, debug=False, asyncio_default_fixture_loop_scope=None, asyncio_default_test_loop_scope=function
collecting ... collected 970 items

tests/unit/test_adapter_mapping.py::test_field_mapping_renames_every_declared_field PASSED [  0%]
tests/unit/test_adapter_mapping.py::test_raw_dict_is_preserved_verbatim PASSED [  0%]
tests/unit/test_adapter_mapping.py::test_known_statuses_are_mapped PASSED [  0%]
tests/unit/test_adapter_mapping.py::test_unknown_status_passes_through_unchanged PASSED [  0%]
tests/unit/test_adapter_mapping.py::test_missing_status_defaults_to_unknown PASSED [  0%]
tests/unit/test_adapter_mapping.py::test_tags_and_meta_default_to_empty_containers_when_absent PASSED [  0%]
tests/unit/test_adapter_mapping.py::test_tags_and_meta_default_to_empty_containers_when_explicitly_null PASSED [  0%]
tests/unit/test_adapter_mapping.py::test_missing_id_defaults_to_empty_string PASSED [  0%]
tests/unit/test_adapter_mapping.py::test_retryable_detects_dolt_conflict_codes PASSED [  0%]
tests/unit/test_adapter_mapping.py::test_retryable_is_case_insensitive PASSED [  1%]
tests/unit/test_adapter_mapping.py::test_retryable_false_for_unrelated_errors PASSED [  1%]
tests/unit/test_adapter_mapping.py::test_retryable_false_for_connection_errors PASSED [  1%]
tests/unit/test_adapter_mapping.py::test_connection_retryable_detects_real_bd_unreachable_wording PASSED [  1%]
tests/unit/test_adapter_mapping.py::test_connection_retryable_detects_transport_signatures PASSED [  1%]
tests/unit/test_adapter_mapping.py::test_connection_retryable_is_case_insensitive PASSED [  1%]
tests/unit/test_adapter_mapping.py::test_connection_retryable_false_for_domain_and_serialization_errors PASSED [  1%]
tests/unit/test_adapter_mapping.py::test_run_returns_a_successful_response_even_if_its_text_matches_retryable PASSED [  1%]
tests/unit/test_adapter_mapping.py::test_run_still_retries_and_raises_for_a_genuine_persistent_conflict PASSED [  1%]
tests/unit/test_adapter_mapping.py::test_run_retries_a_real_conflict_then_returns_the_eventual_success PASSED [  1%]
tests/unit/test_adapter_mapping.py::test_active_blockers_empty_when_no_dependencies PASSED [  2%]
tests/unit/test_adapter_mapping.py::test_active_blockers_ignores_non_blocks_dependency_types PASSED [  2%]
tests/unit/test_adapter_mapping.py::test_active_blockers_ignores_closed_blocker PASSED [  2%]
tests/unit/test_adapter_mapping.py::test_active_blockers_reports_open_blocks_dependency PASSED [  2%]
tests/unit/test_adapter_mapping.py::test_active_blockers_treats_blocked_and_deferred_blockers_as_still_active PASSED [  2%]
tests/unit/test_adapter_mapping.py::test_active_blockers_handles_missing_dependencies_key PASSED [  2%]
tests/unit/test_adapter_mapping.py::test_map_status_translates_every_known_bd_status PASSED [  2%]
tests/unit/test_adapter_mapping.py::test_map_status_passes_through_unknown_value_rather_than_coercing PASSED [  2%]
tests/unit/test_adapter_mapping.py::test_map_status_handles_none_and_empty PASSED [  2%]
tests/unit/test_adapter_mapping.py::test_is_active_blocker_true_only_for_open_blocks_type PASSED [  2%]
tests/unit/test_adapter_mapping.py::test_is_active_blocker_false_for_closed_blocks_type PASSED [  3%]
tests/unit/test_adapter_mapping.py::test_is_active_blocker_false_for_non_blocks_type_regardless_of_status PASSED [  3%]
tests/unit/test_adapter_mapping.py::test_get_enriched_links_include_title_status_holder_for_forward_direction PASSED [  3%]
tests/unit/test_adapter_mapping.py::test_get_enriched_links_satisfied_blocker_is_not_blocking PASSED [  3%]
tests/unit/test_adapter_mapping.py::test_name_re_accepts_simple_lowercase_name PASSED [  3%]
tests/unit/test_adapter_mapping.py::test_name_re_rejects_dotted_name PASSED [  3%]
tests/unit/test_adapter_mapping.py::test_name_re_rejects_uppercase PASSED [  3%]
tests/unit/test_adapter_mapping.py::test_name_re_rejects_single_character PASSED [  3%]
tests/unit/test_adapter_mapping.py::test_name_re_accepts_underscores_and_digits PASSED [  3%]
tests/unit/test_adapter_mapping.py::test_workspace_create_rejects_dotted_name_before_touching_disk PASSED [  4%]
tests/unit/test_adapter_mapping.py::test_workspace_create_rejects_uppercase_name_before_touching_disk PASSED [  4%]
tests/unit/test_adapter_mapping.py::test_workspace_create_refuses_to_report_success_on_dead_residue PASSED [  4%]
tests/unit/test_adapter_mapping.py::test_workspace_create_returns_cleanly_when_beads_dir_already_works PASSED [  4%]
tests/unit/test_adapter_mapping.py::test_env_always_sets_bd_non_interactive PASSED [  4%]
tests/unit/test_adapter_mapping.py::test_env_sets_bd_non_interactive_even_when_absent_from_environment PASSED [  4%]
tests/unit/test_adapter_mapping.py::test_env_overrides_a_falsy_ambient_value PASSED [  4%]
tests/unit/test_adapter_mapping.py::test_env_no_longer_sets_the_ineffective_telemetry_disable_var PASSED [  4%]
tests/unit/test_adapter_mapping.py::test_disable_telemetry_once_is_cached_per_process PASSED [  4%]
tests/unit/test_adapter_mapping.py::test_disable_telemetry_once_never_raises_on_subprocess_failure PASSED [  4%]
tests/unit/test_adapter_mapping.py::test_statuses_public_tuple_covers_every_domain_status PASSED [  5%]
tests/unit/test_adapter_mapping.py::test_status_reverse_map_is_the_exact_inverse_of_the_forward_map PASSED [  5%]
tests/unit/test_adapter_mapping.py::test_list_rejects_unknown_status_before_any_subprocess_call PASSED [  5%]
tests/unit/test_adapter_mapping.py::test_list_bounded_clamps_requested_limit_above_the_max PASSED [  5%]
tests/unit/test_adapter_mapping.py::test_list_bounded_clamps_a_nonpositive_requested_limit_to_one PASSED [  5%]
tests/unit/test_adapter_mapping.py::test_list_bounded_uses_default_limit_when_omitted PASSED [  5%]
tests/unit/test_adapter_mapping.py::test_list_bounded_reports_truncation_honestly PASSED [  5%]
tests/unit/test_adapter_mapping.py::test_list_bounded_reports_no_truncation_when_everything_fits PASSED [  5%]
tests/unit/test_adapter_mapping.py::test_summary_default_is_lean_and_omits_body_fields PASSED [  5%]
tests/unit/test_adapter_mapping.py::test_summary_full_adds_the_same_body_fields_claim_returns PASSED [  5%]
tests/unit/test_adapter_mapping.py::test_summary_full_on_an_item_with_no_body_reports_none_not_missing PASSED [  6%]
tests/unit/test_adapter_mapping.py::test_get_readonly_project_name_is_inferred_from_the_beads_dir_parent PASSED [  6%]
tests/unit/test_adapter_mapping.py::test_get_readonly_wrong_project_prefix_raises_distinct_error PASSED [  6%]
tests/unit/test_adapter_mapping.py::test_get_readonly_correct_prefix_but_missing_raises_plain_not_found PASSED [  6%]
tests/unit/test_adapter_mapping.py::test_get_readonly_delegates_to_get_and_returns_the_item_unmodified PASSED [  6%]
tests/unit/test_adapter_mapping.py::test_list_bounded_offset_defaults_to_zero_and_matches_prior_behavior PASSED [  6%]
tests/unit/test_adapter_mapping.py::test_list_bounded_offset_shifts_the_returned_window PASSED [  6%]
tests/unit/test_adapter_mapping.py::test_list_bounded_offset_past_the_end_reports_no_truncation PASSED [  6%]
tests/unit/test_adapter_mapping.py::test_list_bounded_negative_offset_clamps_to_zero PASSED [  6%]
tests/unit/test_adapter_mapping.py::test_history_events_oldest_entry_becomes_created PASSED [  7%]
tests/unit/test_adapter_mapping.py::test_history_events_collapses_consecutive_identical_signatures PASSED [  7%]
tests/unit/test_adapter_mapping.py::test_history_events_generic_transition_names_both_states PASSED [  7%]
tests/unit/test_adapter_mapping.py::test_history_events_sorted_ascending_regardless_of_input_order PASSED [  7%]
tests/unit/test_adapter_mapping.py::test_history_events_skips_entries_with_no_commit_date PASSED [  7%]
tests/unit/test_adapter_mapping.py::test_history_events_empty_input_returns_empty PASSED [  7%]
tests/unit/test_adapter_mapping.py::test_daily_resolved_counts_buckets_by_day_oldest_to_newest PASSED [  7%]
tests/unit/test_adapter_mapping.py::test_daily_resolved_counts_none_when_unmeasurable PASSED [  7%]
tests/unit/test_adapter_mapping.py::test_daily_resolved_counts_real_zero_when_nothing_resolved PASSED [  7%]
tests/unit/test_adapter_mapping.py::test_daily_resolved_counts_out_of_window_is_dropped_not_errored PASSED [  7%]
tests/unit/test_adapter_mapping.py::test_parse_bootstrap_metadata_block_style_lists PASSED [  8%]
tests/unit/test_adapter_mapping.py::test_parse_bootstrap_metadata_inline_flow_style PASSED [  8%]
tests/unit/test_adapter_mapping.py::test_parse_bootstrap_metadata_strips_matching_quotes PASSED [  8%]
tests/unit/test_adapter_mapping.py::test_parse_bootstrap_metadata_only_one_key_present PASSED [  8%]
tests/unit/test_adapter_mapping.py::test_parse_bootstrap_metadata_yml_tag_and_crlf PASSED [  8%]
tests/unit/test_adapter_mapping.py::test_parse_bootstrap_metadata_no_block_is_empty_not_error PASSED [  8%]
tests/unit/test_adapter_mapping.py::test_parse_bootstrap_metadata_none_and_empty_are_empty PASSED [  8%]
tests/unit/test_adapter_mapping.py::test_parse_bootstrap_metadata_ignores_a_nested_list_item_named_like_a_key PASSED [  8%]
tests/unit/test_adapter_mapping.py::test_parse_bootstrap_metadata_only_first_yaml_block_consulted PASSED [  8%]
tests/unit/test_adapter_mapping.py::test_from_beads_populates_repos_and_context_from_description PASSED [  8%]
tests/unit/test_adapter_mapping.py::test_from_beads_no_yaml_block_yields_empty_lists_backward_compatible PASSED [  9%]
tests/unit/test_adapter_mapping.py::test_summary_full_includes_repos_and_context PASSED [  9%]
tests/unit/test_adapter_mapping.py::test_summary_lean_omits_repos_and_context PASSED [  9%]
tests/unit/test_adapter_mapping.py::test_summary_full_repos_context_empty_for_plain_item PASSED [  9%]
tests/unit/test_bd_telemetry_env_audit.py::test_every_bd_subprocess_call_routes_through_the_telemetry_env_helper PASSED [  9%]
tests/unit/test_bd_telemetry_env_audit.py::test_helper_itself_is_found_by_the_audit_in_at_least_one_real_call_site PASSED [  9%]
tests/unit/test_chartsvg.py::test_sparkline_geometry_is_back_computable PASSED [  9%]
tests/unit/test_chartsvg.py::test_sparkline_flat_series_draws_centre_line PASSED [  9%]
tests/unit/test_chartsvg.py::test_sparkline_empty_is_valid_and_accessible PASSED [  9%]
tests/unit/test_chartsvg.py::test_sparkline_single_value_draws_one_dot PASSED [ 10%]
tests/unit/test_chartsvg.py::test_sparkline_display_dimensions_are_separate_attrs PASSED [ 10%]
tests/unit/test_chartsvg.py::test_velocity_chart_geometry_is_back_computable PASSED [ 10%]
tests/unit/test_chartsvg.py::test_velocity_chart_empty_is_valid_and_accessible PASSED [ 10%]
tests/unit/test_chartsvg.py::test_velocity_chart_all_zero_values_do_not_divide_by_zero PASSED [ 10%]
tests/unit/test_chartsvg.py::test_velocity_chart_all_zero_renders_caption_not_isolated_zero_labels PASSED [ 10%]
tests/unit/test_chartsvg.py::test_velocity_chart_nonzero_data_has_no_caption PASSED [ 10%]
tests/unit/test_chartsvg.py::test_status_donut_segment_lengths_sum_to_circumference PASSED [ 10%]
tests/unit/test_chartsvg.py::test_status_donut_zero_total_draws_only_track PASSED [ 10%]
tests/unit/test_chartsvg.py::test_status_donut_skips_zero_count_statuses PASSED [ 10%]
tests/unit/test_chartsvg.py::test_status_donut_single_full_segment_renders_cleanly PASSED [ 11%]
tests/unit/test_chartsvg.py::test_status_donut_unique_pattern_id_is_respected PASSED [ 11%]
tests/unit/test_chartsvg.py::test_age_histogram_geometry_is_back_computable PASSED [ 11%]
tests/unit/test_chartsvg.py::test_age_histogram_empty_is_valid_and_accessible PASSED [ 11%]
tests/unit/test_chartsvg.py::test_age_histogram_all_zero_counts_do_not_divide_by_zero PASSED [ 11%]
tests/unit/test_chartsvg.py::test_age_histogram_zero_bucket_draws_a_deliberate_stub_no_value_label PASSED [ 11%]
tests/unit/test_chartsvg.py::test_chart_state_ink_outranks_the_generic_axis_label_rule PASSED [ 11%]
tests/unit/test_chartsvg.py::test_every_chart_label_kind_has_a_default_ink PASSED [ 11%]
tests/unit/test_cli_doctor.py::test_not_installed_is_skipped_not_failed PASSED [ 11%]
tests/unit/test_cli_doctor.py::test_unsupported_platform_is_skipped_not_failed PASSED [ 11%]
tests/unit/test_cli_doctor.py::test_installed_but_not_active_is_skipped_service_check_already_failed PASSED [ 12%]
tests/unit/test_cli_doctor.py::test_installed_and_active_with_fresh_heartbeats_passes PASSED [ 12%]
tests/unit/test_cli_doctor.py::test_installed_and_active_with_stale_reap_heartbeat_fails PASSED [ 12%]
tests/unit/test_cli_doctor.py::test_installed_and_active_startup_window_no_sweeps_yet_passes PASSED [ 12%]
tests/unit/test_cli_doctor.py::test_installed_and_active_no_heartbeat_file_at_all_fails PASSED [ 12%]
tests/unit/test_cli_doctor.py::test_restart_policy_skipped_when_service_not_installed PASSED [ 12%]
tests/unit/test_cli_doctor.py::test_restart_policy_skipped_when_platform_unsupported PASSED [ 12%]
tests/unit/test_cli_doctor.py::test_restart_policy_skipped_on_non_linux_platform_with_no_unit_file PASSED [ 12%]
tests/unit/test_cli_doctor.py::test_restart_policy_passes_when_unit_has_restart_always PASSED [ 12%]
tests/unit/test_cli_doctor.py::test_restart_policy_fails_when_unit_still_has_restart_on_failure PASSED [ 12%]
tests/unit/test_cli_doctor.py::test_restart_policy_fails_when_unit_has_no_restart_line_at_all PASSED [ 13%]
tests/unit/test_cli_doctor.py::test_service_installed_passes_with_a_note_when_active_is_genuinely_unknown PASSED [ 13%]
tests/unit/test_cli_doctor.py::test_service_installed_still_fails_when_genuinely_confirmed_inactive PASSED [ 13%]
tests/unit/test_cli_doctor.py::test_service_installed_passes_when_never_installed PASSED [ 13%]
tests/unit/test_cli_doctor.py::test_systemd_user_bus_reachable_skips_when_probe_reports_skipped PASSED [ 13%]
tests/unit/test_cli_doctor.py::test_systemd_user_bus_reachable_passes_when_probe_reports_reachable PASSED [ 13%]
tests/unit/test_cli_doctor.py::test_systemd_user_bus_reachable_fails_when_probe_reports_unreachable PASSED [ 13%]
tests/unit/test_cli_unclaim.py::test_happy_path_releases_and_reports_open PASSED [ 13%]
tests/unit/test_cli_unclaim.py::test_refuses_when_not_held_and_mutates_nothing PASSED [ 13%]
tests/unit/test_cli_unclaim.py::test_reports_missing_item_without_mutating PASSED [ 14%]
tests/unit/test_cli_unclaim.py::test_refuses_if_readback_still_held PASSED [ 14%]
tests/unit/test_cli_update.py::test_builds_uv_tool_upgrade PASSED        [ 14%]
tests/unit/test_cli_update.py::test_reinstall_flag_adds_reinstall PASSED [ 14%]
tests/unit/test_cli_update.py::test_missing_uv_fails_loud_and_runs_nothing PASSED [ 14%]
tests/unit/test_cli_update.py::test_nonzero_uv_exit_propagates_code PASSED [ 14%]
tests/unit/test_custody.py::test_age_seconds_of_a_fresh_timestamp_is_small PASSED [ 14%]
tests/unit/test_custody.py::test_age_seconds_never_negative_on_clock_skew PASSED [ 14%]
tests/unit/test_custody.py::test_age_seconds_of_empty_timestamp_is_infinite PASSED [ 14%]
tests/unit/test_custody.py::test_is_fresh_true_within_ttl PASSED         [ 14%]
tests/unit/test_custody.py::test_is_fresh_false_beyond_ttl PASSED        [ 15%]
tests/unit/test_custody.py::test_is_fresh_none_record_is_not_fresh PASSED [ 15%]
tests/unit/test_custody.py::test_is_fresh_ignores_declared_state PASSED  [ 15%]
tests/unit/test_custody.py::test_reclaim_eligible_no_record_at_all PASSED [ 15%]
tests/unit/test_custody.py::test_reclaim_eligible_fresh_survives_a_long_total_hold PASSED [ 15%]
tests/unit/test_custody.py::test_reclaim_eligible_stale_after_ttl_lapses PASSED [ 15%]
tests/unit/test_custody.py::test_reclaim_eligible_escalation_ceiling_exceeded PASSED [ 15%]
tests/unit/test_custody.py::test_reclaim_eligible_awaiting_human_below_ceiling_is_not_eligible PASSED [ 15%]
tests/unit/test_custody.py::test_reclaim_eligible_idle_declaration_never_exempts_from_staleness PASSED [ 15%]
tests/unit/test_custody.py::test_should_notify_working_state PASSED      [ 15%]
tests/unit/test_custody.py::test_should_notify_awaiting_human_is_suppressed PASSED [ 16%]
tests/unit/test_custody.py::test_should_notify_none_record PASSED        [ 16%]
tests/unit/test_custody.py::test_should_notify_is_never_consulted_by_reclaim_eligible PASSED [ 16%]
tests/unit/test_custody.py::test_custody_roundtrip_through_dict PASSED   [ 16%]
tests/unit/test_custody.py::test_now_iso_matches_expected_format PASSED  [ 16%]
tests/unit/test_custody_dead_holder.py::test_dead_holder_is_reclaim_eligible_well_inside_the_ttl PASSED [ 16%]
tests/unit/test_custody_dead_holder.py::test_dead_holder_reason_is_distinguishable_from_ordinary_staleness PASSED [ 16%]
tests/unit/test_custody_dead_holder.py::test_ttl_staleness_still_wins_and_costs_no_pid_probe PASSED [ 16%]
tests/unit/test_custody_dead_holder.py::test_holder_on_another_host_is_never_called_dead PASSED [ 16%]
tests/unit/test_custody_dead_holder.py::test_holder_with_no_host_recorded_is_never_called_dead PASSED [ 17%]
tests/unit/test_custody_dead_holder.py::test_missing_or_zero_pid_is_never_called_dead PASSED [ 17%]
tests/unit/test_custody_dead_holder.py::test_a_recently_renewed_hold_is_never_probed_into_death PASSED [ 17%]
tests/unit/test_custody_dead_holder.py::test_the_corroboration_window_boundary_is_inclusive_from_min_silence PASSED [ 17%]
tests/unit/test_custody_dead_holder.py::test_default_corroboration_window_is_two_renewal_intervals PASSED [ 17%]
tests/unit/test_custody_dead_holder.py::test_a_live_holder_deep_inside_the_ttl_is_left_alone PASSED [ 17%]
tests/unit/test_custody_dead_holder.py::test_pid_reuse_errs_toward_leaving_the_hold_alone PASSED [ 17%]
tests/unit/test_custody_dead_holder.py::test_awaiting_human_does_not_shield_a_dead_holder PASSED [ 17%]
tests/unit/test_custody_dead_holder.py::test_pid_alive_reports_this_process_alive_and_a_nonexistent_pid_dead PASSED [ 17%]
tests/unit/test_custody_dead_holder.py::test_local_host_matches_what_writers_store PASSED [ 17%]
tests/unit/test_custody_dead_holder.py::test_holder_process_dead_returns_empty_reason_when_not_dead PASSED [ 18%]
tests/unit/test_custody_dead_holder.py::test_no_custody_record_is_not_a_dead_holder_claim PASSED [ 18%]
tests/unit/test_dashboard_ledger.py::test_state_bar_zero_state_renders_as_seam_not_absent PASSED [ 18%]
tests/unit/test_dashboard_ledger.py::test_state_bar_fixed_slot_order_is_always_the_same PASSED [ 18%]
tests/unit/test_dashboard_ledger.py::test_state_legend_zero_count_shows_real_number_not_hidden PASSED [ 18%]
tests/unit/test_dashboard_ledger.py::test_state_legend_nonzero_states_use_their_dedicated_fill PASSED [ 18%]
tests/unit/test_dashboard_ledger.py::test_state_bar_calm_zero_alarm_states_have_no_min_width_floor PASSED [ 18%]
tests/unit/test_dashboard_ledger.py::test_state_bar_tiny_held_count_among_huge_total_still_gets_alarm_floor PASSED [ 18%]
tests/unit/test_dashboard_ledger.py::test_state_bar_blocked_and_deferred_also_get_the_alarm_floor PASSED [ 18%]
tests/unit/test_dashboard_ledger.py::test_dashboard_sort_key_orders_ready_descending PASSED [ 18%]
tests/unit/test_dashboard_ledger.py::test_dashboard_sort_key_ties_break_by_name PASSED [ 19%]
tests/unit/test_dashboard_ledger.py::test_dashboard_sort_key_broken_queues_sort_first_regardless_of_count PASSED [ 19%]
tests/unit/test_dashboard_ledger.py::test_ledger_hero_unreadable_workspace_renders_honest_dash PASSED [ 19%]
tests/unit/test_dashboard_ledger.py::test_ledger_hero_zero_projects_says_so_plainly PASSED [ 19%]
tests/unit/test_dashboard_ledger.py::test_ledger_hero_normal_case_shows_count_and_burn_rate PASSED [ 19%]
tests/unit/test_dashboard_ledger.py::test_ledger_hero_no_throughput_is_an_honest_gap_not_a_fabricated_rate PASSED [ 19%]
tests/unit/test_dashboard_ledger.py::test_secondary_readings_no_ready_items_is_honest_dash_for_concentration PASSED [ 19%]
tests/unit/test_dashboard_ledger.py::test_secondary_readings_concentration_links_to_the_project PASSED [ 19%]
tests/unit/test_dashboard_ledger.py::test_secondary_readings_waiting_7d_uses_amber_only_when_nonzero PASSED [ 19%]
tests/unit/test_dashboard_ledger.py::test_secondary_readings_custody_reports_blocked_needing_attention PASSED [ 20%]
tests/unit/test_dashboard_ledger.py::test_throughput_no_prior_rate_is_honest_not_a_fabricated_delta PASSED [ 20%]
tests/unit/test_dashboard_ledger.py::test_throughput_reports_trend_percentage_when_measurable PASSED [ 20%]
tests/unit/test_dashboard_ledger.py::test_throughput_names_coverage_gap_when_some_queues_unmeasurable PASSED [ 20%]
tests/unit/test_dashboard_ledger.py::test_throughput_no_coverage_footnote_when_fully_measurable PASSED [ 20%]
tests/unit/test_dashboard_ledger.py::test_workspace_composition_computes_percent_resolved PASSED [ 20%]
tests/unit/test_dashboard_ledger.py::test_workspace_composition_zero_total_never_divides_by_zero PASSED [ 20%]
tests/unit/test_dashboard_ledger.py::test_dashboard_row_broken_project_is_unmissable_alarm_row PASSED [ 20%]
tests/unit/test_dashboard_ledger.py::test_dashboard_row_zero_resolved_shows_dash_not_fabricated_zero_percent PASSED [ 20%]
tests/unit/test_dashboard_ledger.py::test_dashboard_row_real_resolved_shows_count_and_percent PASSED [ 20%]
tests/unit/test_dashboard_ledger.py::test_dashboard_row_calm_project_has_no_alarm_styling PASSED [ 21%]
tests/unit/test_dashboard_ledger.py::test_dashboard_row_held_item_flags_the_row_amber PASSED [ 21%]
tests/unit/test_dashboard_ledger.py::test_dashboard_row_blocked_item_flags_the_row_crimson_outranking_held PASSED [ 21%]
tests/unit/test_dashboard_ledger.py::test_dashboard_row_deferred_item_also_flags_the_row PASSED [ 21%]
tests/unit/test_dashboard_ledger.py::test_dashboard_totals_sums_every_readable_project PASSED [ 21%]
tests/unit/test_dashboard_ledger.py::test_attention_signal_absent_entirely_when_calm PASSED [ 21%]
tests/unit/test_dashboard_ledger.py::test_attention_signal_present_and_amber_when_only_held PASSED [ 21%]
tests/unit/test_dashboard_ledger.py::test_attention_signal_crimson_when_anything_is_blocked PASSED [ 21%]
tests/unit/test_doctor_surface_failures.py::test_a_healthy_run_reports_nothing PASSED [ 21%]
tests/unit/test_doctor_surface_failures.py::test_an_exit_1_does_not_hide_a_silent_failure_announcement PASSED [ 21%]
tests/unit/test_doctor_surface_failures.py::test_the_aggregated_message_names_every_problem_and_carries_the_output PASSED [ 22%]
tests/unit/test_doctor_surface_failures.py::test_a_silent_failure_is_reported_even_though_the_exit_code_is_fine PASSED [ 22%]
tests/unit/test_doctor_surface_failures.py::test_a_missing_summary_line_is_reported_on_its_own PASSED [ 22%]
tests/unit/test_doctor_surface_failures.py::test_the_announcement_predicate_is_used_unchanged_not_reimplemented PASSED [ 22%]
tests/unit/test_dolt_scan_dir.py::test_scan_dir_exists_and_is_reused PASSED [ 22%]
tests/unit/test_dolt_scan_dir.py::test_scan_dir_is_not_the_process_cwd PASSED [ 22%]
tests/unit/test_dolt_scan_dir.py::test_conn_args_pin_the_data_dir PASSED [ 22%]
tests/unit/test_dolt_scan_dir.py::test_dolt_sql_pins_cwd PASSED          [ 22%]
tests/unit/test_dolt_scan_dir.py::test_dolt_sql_json_pins_cwd PASSED     [ 22%]
tests/unit/test_dolt_scan_dir.py::test_lstat_race_is_classified_transient PASSED [ 22%]
tests/unit/test_dolt_scan_dir.py::test_a_real_domain_failure_is_not_classified_transient PASSED [ 23%]
tests/unit/test_dolt_scan_dir.py::test_direct_sql_retries_a_transient_failure_and_then_succeeds PASSED [ 23%]
tests/unit/test_dolt_scan_dir.py::test_direct_sql_retry_is_BOUNDED_and_surfaces_the_failure PASSED [ 23%]
tests/unit/test_dolt_scan_dir.py::test_direct_sql_does_not_retry_a_real_domain_failure PASSED [ 23%]
tests/unit/test_erratum.py::test_erratum_refuses_an_empty_actor_before_reading_anything PASSED [ 23%]
tests/unit/test_erratum.py::test_erratum_refuses_a_missing_item PASSED   [ 23%]
tests/unit/test_erratum.py::test_erratum_refuses_anything_that_is_not_resolved_and_names_edit[open] PASSED [ 23%]
tests/unit/test_erratum.py::test_erratum_refuses_anything_that_is_not_resolved_and_names_edit[held] PASSED [ 23%]
tests/unit/test_erratum.py::test_erratum_refuses_anything_that_is_not_resolved_and_names_edit[blocked] PASSED [ 23%]
tests/unit/test_erratum.py::test_erratum_refuses_anything_that_is_not_resolved_and_names_edit[deferred] PASSED [ 24%]
tests/unit/test_erratum.py::test_erratum_refuses_empty_text_on_a_resolved_item[] PASSED [ 24%]
tests/unit/test_erratum.py::test_erratum_refuses_empty_text_on_a_resolved_item[   ] PASSED [ 24%]
tests/unit/test_erratum.py::test_erratum_refuses_empty_text_on_a_resolved_item[\n\t ] PASSED [ 24%]
tests/unit/test_erratum.py::test_erratum_is_an_idempotent_noop_when_byte_identical_text_already_recorded PASSED [ 24%]
tests/unit/test_erratum.py::test_erratum_idempotency_normalizes_crlf_and_outer_whitespace_like_resolve_does PASSED [ 24%]
tests/unit/test_erratum.py::test_erratum_idempotency_is_keyed_by_any_actor_not_just_the_original_one PASSED [ 24%]
tests/unit/test_erratum.py::test_erratum_different_text_is_not_treated_as_idempotent PASSED [ 24%]
tests/unit/test_erratum.py::test_erratum_never_touches_status_closed_at_or_holder_on_the_stub_item PASSED [ 24%]
tests/unit/test_erratum.py::test_format_then_parse_round_trips_a_plain_erratum PASSED [ 24%]
tests/unit/test_erratum.py::test_format_then_parse_round_trips_an_actor_containing_a_colon_and_space PASSED [ 25%]
tests/unit/test_erratum.py::test_format_then_parse_round_trips_an_actor_containing_only_a_space PASSED [ 25%]
tests/unit/test_erratum.py::test_format_then_parse_round_trips_multi_line_text PASSED [ 25%]
tests/unit/test_erratum.py::test_parse_rejects_a_comment_that_is_not_an_erratum_at_all PASSED [ 25%]
tests/unit/test_erratum.py::test_parse_rejects_when_the_erratum_prefix_belongs_to_a_different_author PASSED [ 25%]
tests/unit/test_erratum.py::test_parse_rejects_a_bare_erratum_tag_with_no_timestamp_or_body PASSED [ 25%]
tests/unit/test_erratum.py::test_erratum_tag_prefix_constant_matches_the_formatter PASSED [ 25%]
tests/unit/test_error_announcement_detection.py::test_pr70_description_is_prose_not_an_announcement PASSED [ 25%]
tests/unit/test_error_announcement_detection.py::test_healthy_doctor_run_carrying_pr70s_description_is_not_a_silent_failure PASSED [ 25%]
tests/unit/test_error_announcement_detection.py::test_mentioning_errors_is_not_announcing_one[Write conflicts surface as retryable serialization errors] PASSED [ 25%]
tests/unit/test_error_announcement_detection.py::test_mentioning_errors_is_not_announcing_one[reports UNAVAILABLE (not ERROR) per project] PASSED [ 26%]
tests/unit/test_error_announcement_detection.py::test_mentioning_errors_is_not_announcing_one[an infrastructure read failure raises BeadsUnavailableError] PASSED [ 26%]
tests/unit/test_error_announcement_detection.py::test_mentioning_errors_is_not_announcing_one[this command never reports an error it did not observe] PASSED [ 26%]
tests/unit/test_error_announcement_detection.py::test_mentioning_errors_is_not_announcing_one[ERROR and UNAVAILABLE are different readings of the same field] PASSED [ 26%]
tests/unit/test_error_announcement_detection.py::test_mentioning_errors_is_not_announcing_one[{"ok": true, "error": null}] PASSED [ 26%]
tests/unit/test_error_announcement_detection.py::test_mentioning_errors_is_not_announcing_one[{"ok": true, "error": ""}] PASSED [ 26%]
tests/unit/test_error_announcement_detection.py::test_real_error_announcements_are_still_caught[Error: unknown command "reclaim"] PASSED [ 26%]
tests/unit/test_error_announcement_detection.py::test_real_error_announcements_are_still_caught[reaping stale holds...\nError: unknown command "reclaim"\n] PASSED [ 26%]
tests/unit/test_error_announcement_detection.py::test_real_error_announcements_are_still_caught[  brokenqueue  TOTAL - READY - HELD -  ERROR: database unreachable] PASSED [ 26%]
tests/unit/test_error_announcement_detection.py::test_real_error_announcements_are_still_caught[ERROR: tokens file not found: /etc/awt/tokens.json] PASSED [ 27%]
tests/unit/test_error_announcement_detection.py::test_real_error_announcements_are_still_caught[amplifier-work-tracker: error: unrecognized arguments: --nope] PASSED [ 27%]
tests/unit/test_error_announcement_detection.py::test_real_error_announcements_are_still_caught[internal error: connection reset by peer] PASSED [ 27%]
tests/unit/test_error_announcement_detection.py::test_real_error_announcements_are_still_caught[{"custody": {"error": "dolt: connection refused"}}] PASSED [ 27%]
tests/unit/test_error_announcement_detection.py::test_real_error_announcements_are_still_caught[error running bd list --json] PASSED [ 27%]
tests/unit/test_error_announcement_detection.py::test_real_error_announcements_are_still_caught[unknown command "reclaim" for "bd"] PASSED [ 27%]
tests/unit/test_error_announcement_detection.py::test_real_error_announcements_are_still_caught[Traceback (most recent call last):\n  File "cli.py", line 1\n] PASSED [ 27%]
tests/unit/test_error_announcement_detection.py::test_the_shipped_reap_bug_still_fails_the_assertion PASSED [ 27%]
tests/unit/test_error_announcement_detection.py::test_an_announced_error_with_a_nonzero_exit_is_fine PASSED [ 27%]
tests/unit/test_error_announcement_detection.py::test_announcements_are_found_across_the_stdout_stderr_seam PASSED [ 27%]
tests/unit/test_error_announcement_detection.py::test_the_failure_message_names_which_shape_fired PASSED [ 28%]
tests/unit/test_handled_output_is_not_an_announcement.py::test_a_healed_dirty_migration_leaves_no_error_announcement PASSED [ 28%]
tests/unit/test_handled_output_is_not_an_announcement.py::test_the_healed_warning_is_a_single_line PASSED [ 28%]
tests/unit/test_handled_output_is_not_an_announcement.py::test_a_migration_that_really_fails_still_raises PASSED [ 28%]
tests/unit/test_handled_output_is_not_an_announcement.py::test_a_migration_that_really_fails_exits_non_zero_and_announces PASSED [ 28%]
tests/unit/test_handled_output_is_not_an_announcement.py::test_every_known_announcement_shape_has_a_sample PASSED [ 28%]
tests/unit/test_handled_output_is_not_an_announcement.py::test_quote_handled_output_defuses_every_shape[error-colon] PASSED [ 28%]
tests/unit/test_handled_output_is_not_an_announcement.py::test_quote_handled_output_defuses_every_shape[error-running] PASSED [ 28%]
tests/unit/test_handled_output_is_not_an_announcement.py::test_quote_handled_output_defuses_every_shape[json-error-field] PASSED [ 28%]
tests/unit/test_handled_output_is_not_an_announcement.py::test_quote_handled_output_defuses_every_shape[python-traceback] PASSED [ 28%]
tests/unit/test_handled_output_is_not_an_announcement.py::test_quote_handled_output_defuses_every_shape[unknown-command] PASSED [ 29%]
tests/unit/test_handled_output_is_not_an_announcement.py::test_quote_handled_output_keeps_the_detail_readable PASSED [ 29%]
tests/unit/test_handled_output_is_not_an_announcement.py::test_quote_handled_output_reports_emptiness_rather_than_nothing PASSED [ 29%]
tests/unit/test_handled_output_is_not_an_announcement.py::test_quote_handled_output_truncates_at_a_word_boundary PASSED [ 29%]
tests/unit/test_heartbeat.py::test_record_loop_started_then_read_shows_no_completion_yet PASSED [ 29%]
tests/unit/test_heartbeat.py::test_record_sweep_completed_sets_last_completed_and_keeps_loop_started_at PASSED [ 29%]
tests/unit/test_heartbeat.py::test_record_sweep_completed_without_prior_started_still_works PASSED [ 29%]
tests/unit/test_heartbeat.py::test_reap_and_notify_records_are_independent PASSED [ 29%]
tests/unit/test_heartbeat.py::test_read_loop_heartbeat_missing_file_is_none PASSED [ 29%]
tests/unit/test_heartbeat.py::test_read_loop_heartbeat_corrupt_file_is_none PASSED [ 30%]
tests/unit/test_heartbeat.py::test_record_loop_started_overwrites_a_previous_runs_completion PASSED [ 30%]
tests/unit/test_heartbeat.py::test_pid_alive_true_for_current_process PASSED [ 30%]
tests/unit/test_heartbeat.py::test_pid_alive_false_for_a_really_dead_process PASSED [ 30%]
tests/unit/test_heartbeat.py::test_fresh_completion_passes PASSED        [ 30%]
tests/unit/test_heartbeat.py::test_stale_completion_fails_and_names_loop_and_fix PASSED [ 30%]
tests/unit/test_heartbeat.py::test_no_record_at_all_fails_and_names_loop PASSED [ 30%]
tests/unit/test_heartbeat.py::test_startup_window_no_completion_yet_but_recent_start_passes PASSED [ 30%]
tests/unit/test_heartbeat.py::test_startup_window_exceeded_with_no_completion_fails PASSED [ 30%]
tests/unit/test_heartbeat.py::test_dead_pid_with_recent_completion_does_not_read_as_fresh PASSED [ 30%]
tests/unit/test_heartbeat.py::test_dead_pid_check_uses_real_pid_alive_by_default PASSED [ 31%]
tests/unit/test_heartbeat.py::test_threshold_is_interval_times_stale_multiple PASSED [ 31%]
tests/unit/test_observatory_widgets.py::test_verdict_line_environment_alarm PASSED [ 31%]
tests/unit/test_observatory_widgets.py::test_verdict_line_environment_calm PASSED [ 31%]
tests/unit/test_observatory_widgets.py::test_verdict_line_environment_idle PASSED [ 31%]
tests/unit/test_observatory_widgets.py::test_verdict_line_project_alarm PASSED [ 31%]
tests/unit/test_observatory_widgets.py::test_verdict_line_project_calm PASSED [ 31%]
tests/unit/test_observatory_widgets.py::test_verdict_line_project_idle PASSED [ 31%]
tests/unit/test_observatory_widgets.py::test_verdict_line_environment_alarm_pluralization[1-1 item needs you] PASSED [ 31%]
tests/unit/test_observatory_widgets.py::test_verdict_line_environment_alarm_pluralization[2-2 items need you] PASSED [ 31%]
tests/unit/test_observatory_widgets.py::test_verdict_line_project_alarm_pluralization[1-Needs you \u2014 1 item requires attention] PASSED [ 32%]
tests/unit/test_observatory_widgets.py::test_verdict_line_project_alarm_pluralization[2-Needs you \u2014 2 items require attention] PASSED [ 32%]
tests/unit/test_observatory_widgets.py::test_verdict_line_single_agent_is_not_pluralized PASSED [ 32%]
tests/unit/test_observatory_widgets.py::test_verdict_line_alarm_requires_reasons PASSED [ 32%]
tests/unit/test_observatory_widgets.py::test_all_ten_observatory_widgets_are_registered PASSED [ 32%]
tests/unit/test_observatory_widgets.py::test_get_observatory_widget_unknown_id_names_known_ids PASSED [ 32%]
tests/unit/test_observatory_widgets.py::test_get_observatory_widget_roundtrip PASSED [ 32%]
tests/unit/test_observatory_widgets.py::test_register_observatory_duplicate_id_fails_loud PASSED [ 32%]
tests/unit/test_observatory_widgets.py::test_render_verdict_hero_alarm PASSED [ 32%]
tests/unit/test_observatory_widgets.py::test_render_verdict_hero_calm_with_meta_row PASSED [ 32%]
tests/unit/test_observatory_widgets.py::test_split_meta_value[465-expected0] PASSED [ 33%]
tests/unit/test_observatory_widgets.py::test_split_meta_value[0-expected1] PASSED [ 33%]
tests/unit/test_observatory_widgets.py::test_split_meta_value[\u2014-expected2] PASSED [ 33%]
tests/unit/test_observatory_widgets.py::test_split_meta_value[6d-expected3] PASSED [ 33%]
tests/unit/test_observatory_widgets.py::test_split_meta_value[3h ago-expected4] PASSED [ 33%]
tests/unit/test_observatory_widgets.py::test_split_meta_value[-2d-expected5] PASSED [ 33%]
tests/unit/test_observatory_widgets.py::test_render_verdict_hero_meta_row_splits_suffix_into_its_own_span PASSED [ 33%]
tests/unit/test_observatory_widgets.py::test_render_verdict_hero_idle PASSED [ 33%]
tests/unit/test_observatory_widgets.py::test_render_velocity_hero_leads_with_the_figure_and_states_its_window PASSED [ 33%]
tests/unit/test_observatory_widgets.py::test_render_velocity_hero_carries_all_four_named_counts_in_the_same_region PASSED [ 34%]
tests/unit/test_observatory_widgets.py::test_render_velocity_hero_every_count_carries_a_text_label_and_a_numeral PASSED [ 34%]
tests/unit/test_observatory_widgets.py::test_render_velocity_hero_empty_fixture_reports_zero_it_never_celebrates_it PASSED [ 34%]
tests/unit/test_observatory_widgets.py::test_render_velocity_hero_blocked_zero_goes_quiet_not_alarm_red PASSED [ 34%]
tests/unit/test_observatory_widgets.py::test_render_velocity_hero_is_a_live_region_for_the_body_swap PASSED [ 34%]
tests/unit/test_observatory_widgets.py::test_render_velocity_hero_state_selects_the_icon_and_the_variant_class PASSED [ 34%]
tests/unit/test_observatory_widgets.py::test_render_velocity_hero_escapes_its_plain_text_fields PASSED [ 34%]
tests/unit/test_observatory_widgets.py::test_render_kpi_strip_blocked_zero_gets_quiet_class PASSED [ 34%]
tests/unit/test_observatory_widgets.py::test_render_kpi_strip_blocked_nonzero_has_no_is_zero PASSED [ 34%]
tests/unit/test_observatory_widgets.py::test_render_attention_queue_ranked_rows PASSED [ 34%]
tests/unit/test_observatory_widgets.py::test_render_attention_queue_truncation_note_when_capped PASSED [ 35%]
tests/unit/test_observatory_widgets.py::test_render_attention_queue_no_truncation_note_when_not_capped PASSED [ 35%]
tests/unit/test_observatory_widgets.py::test_render_attention_queue_empty_keeps_its_slot_and_says_so PASSED [ 35%]
tests/unit/test_observatory_widgets.py::test_render_fleet_table_mix_bar_and_dormant_section PASSED [ 35%]
tests/unit/test_observatory_widgets.py::test_render_fleet_table_no_dormant_omits_section PASSED [ 35%]
tests/unit/test_observatory_widgets.py::test_render_agents_now_stale_row PASSED [ 35%]
tests/unit/test_observatory_widgets.py::test_render_activity_feed_links_and_window_tabs PASSED [ 35%]
tests/unit/test_observatory_widgets.py::test_render_status_breakdown_full_legend PASSED [ 35%]
tests/unit/test_observatory_widgets.py::test_render_status_breakdown_a_zero_status_still_reads_zero_percent PASSED [ 35%]
tests/unit/test_observatory_widgets.py::test_render_status_breakdown_zero_total_says_so_instead_of_a_legend_of_zeroes PASSED [ 35%]
tests/unit/test_observatory_widgets.py::test_render_ready_age_histogram_with_flagged_note PASSED [ 36%]
tests/unit/test_observatory_widgets.py::test_render_ready_age_histogram_without_flagged_note PASSED [ 36%]
tests/unit/test_observatory_widgets.py::test_render_agents_panel_stale_and_fresh_rows PASSED [ 36%]
tests/unit/test_observatory_widgets.py::test_render_agents_panel_empty_keeps_its_slot_and_says_so PASSED [ 36%]
tests/unit/test_overview_needs_you.py::test_blocked_stale_counts_only_needlessly_blocked PASSED [ 36%]
tests/unit/test_overview_needs_you.py::test_blocked_stale_is_safe_when_upstream_status_unreadable PASSED [ 36%]
tests/unit/test_overview_needs_you.py::test_held_stale_oldest_age_uses_worst_breach_with_a_record PASSED [ 36%]
tests/unit/test_overview_needs_you.py::test_held_stale_oldest_age_none_when_nothing_stale PASSED [ 36%]
tests/unit/test_overview_needs_you.py::test_held_stale_oldest_age_none_when_only_recordless_holds PASSED [ 36%]
tests/unit/test_overview_needs_you.py::test_attention_for_none_when_calm_or_unreadable PASSED [ 37%]
tests/unit/test_overview_needs_you.py::test_attention_entries_rank_custody_over_blocker_over_age PASSED [ 37%]
tests/unit/test_overview_needs_you.py::test_attention_entry_carries_all_live_conditions_sorted PASSED [ 37%]
tests/unit/test_overview_needs_you.py::test_attention_entries_break_ties_by_count PASSED [ 37%]
tests/unit/test_overview_needs_you.py::test_verdict_idle_when_nothing_running_but_work_waits PASSED [ 37%]
tests/unit/test_overview_needs_you.py::test_verdict_idle_notes_zero_throughput_today PASSED [ 37%]
tests/unit/test_overview_needs_you.py::test_verdict_stalled_when_no_movement_and_holds_exist PASSED [ 37%]
tests/unit/test_overview_needs_you.py::test_verdict_all_clear_only_when_genuinely_calm PASSED [ 37%]
tests/unit/test_overview_needs_you.py::test_verdict_all_clear_no_open_work PASSED [ 37%]
tests/unit/test_overview_needs_you.py::test_verdict_alarm_amber_for_custody_only_fleet PASSED [ 37%]
tests/unit/test_overview_needs_you.py::test_verdict_blocked_crimson_and_plural_keyword PASSED [ 38%]
tests/unit/test_overview_needs_you.py::test_verdict_html_calm_uses_no_status_hue PASSED [ 38%]
tests/unit/test_overview_needs_you.py::test_verdict_html_alarm_carries_amber_not_crimson PASSED [ 38%]
tests/unit/test_overview_needs_you.py::test_verdict_html_is_flat_never_glass PASSED [ 38%]
tests/unit/test_overview_needs_you.py::test_needs_you_html_absent_when_no_entries PASSED [ 38%]
tests/unit/test_overview_needs_you.py::test_needs_you_html_marks_severity_and_since_and_dispatch PASSED [ 38%]
tests/unit/test_overview_needs_you.py::test_needs_you_blocked_condition_has_no_fabricated_since PASSED [ 38%]
tests/unit/test_overview_needs_you.py::test_dispatch_pick_prefers_aged_then_deep_queue PASSED [ 38%]
tests/unit/test_overview_needs_you.py::test_dispatch_html_absent_when_nothing_ready PASSED [ 38%]
tests/unit/test_overview_needs_you.py::test_dispatch_html_names_project_and_verb PASSED [ 38%]
tests/unit/test_overview_needs_you.py::test_units_legend_defines_one_vocabulary PASSED [ 39%]
tests/unit/test_overview_needs_you.py::test_sidebar_badge_spells_out_denominator PASSED [ 39%]
tests/unit/test_prereqs.py::test_os_arch_recognizes_supported_combinations[Linux-x86_64-expected0] PASSED [ 39%]
tests/unit/test_prereqs.py::test_os_arch_recognizes_supported_combinations[Linux-aarch64-expected1] PASSED [ 39%]
tests/unit/test_prereqs.py::test_os_arch_recognizes_supported_combinations[Darwin-arm64-expected2] PASSED [ 39%]
tests/unit/test_prereqs.py::test_os_arch_recognizes_supported_combinations[Darwin-x86_64-expected3] PASSED [ 39%]
tests/unit/test_prereqs.py::test_os_arch_raises_on_unknown_os PASSED     [ 39%]
tests/unit/test_prereqs.py::test_os_arch_raises_on_unknown_arch PASSED   [ 39%]
tests/unit/test_prereqs.py::test_bd_install_version_is_derived_from_min_version_not_duplicated PASSED [ 39%]
tests/unit/test_prereqs.py::test_bd_install_command_linux_amd64 PASSED   [ 40%]
tests/unit/test_prereqs.py::test_bd_install_command_never_contains_rm PASSED [ 40%]
tests/unit/test_prereqs.py::test_dolt_install_command_never_contains_rm PASSED [ 40%]
tests/unit/test_prereqs.py::test_bd_install_command_linux_arm64 PASSED   [ 40%]
tests/unit/test_prereqs.py::test_bd_install_command_darwin_arm64 PASSED  [ 40%]
tests/unit/test_prereqs.py::test_bd_install_command_darwin_amd64_has_no_published_asset PASSED [ 40%]
tests/unit/test_prereqs.py::test_dolt_install_command_linux_amd64_matches_ci_asset_shape PASSED [ 40%]
tests/unit/test_prereqs.py::test_dolt_install_command_darwin_arm64 PASSED [ 40%]
tests/unit/test_prereqs.py::test_check_returns_none_when_bd_and_dolt_both_satisfied PASSED [ 40%]
tests/unit/test_prereqs.py::test_check_reports_bd_missing_when_path_has_neither_binary PASSED [ 40%]
tests/unit/test_prereqs.py::test_check_prefers_bd_missing_over_dolt_missing PASSED [ 41%]
tests/unit/test_prereqs.py::test_check_reports_bd_too_old_via_forged_version_string PASSED [ 41%]
tests/unit/test_prereqs.py::test_check_reports_bd_too_old_when_version_unparseable PASSED [ 41%]
tests/unit/test_prereqs.py::test_check_reports_dolt_missing_when_bd_ok_but_dolt_absent PASSED [ 41%]
tests/unit/test_prereqs.py::test_check_never_raises_for_a_missing_binary PASSED [ 41%]
tests/unit/test_prereqs.py::test_ci_workflow_pins_match_our_constants PASSED [ 41%]
tests/unit/test_project_summary_data.py::test_ready_age_buckets_sum_equals_ready_including_fractional_days PASSED [ 41%]
tests/unit/test_project_summary_data.py::test_ready_age_buckets_bands_are_floor_day_and_contiguous PASSED [ 41%]
tests/unit/test_project_summary_data.py::test_ready_age_buckets_undated_item_goes_to_unknown_not_dropped PASSED [ 41%]
tests/unit/test_project_summary_data.py::test_ready_age_buckets_counts_only_open_work_lane_items PASSED [ 41%]
tests/unit/test_project_summary_data.py::test_resolved_throughput_counts_within_windows PASSED [ 42%]
tests/unit/test_project_summary_data.py::test_resolved_throughput_honest_zero_when_no_resolutions PASSED [ 42%]
tests/unit/test_project_summary_data.py::test_resolved_throughput_honest_zero_when_all_resolutions_are_old PASSED [ 42%]
tests/unit/test_project_summary_data.py::test_resolved_throughput_none_when_resolved_but_undated PASSED [ 42%]
tests/unit/test_project_summary_data.py::test_last_activity_uses_most_recent_timestamp_of_any_kind PASSED [ 42%]
tests/unit/test_project_summary_data.py::test_last_activity_none_when_no_timestamps_anywhere PASSED [ 42%]
tests/unit/test_project_summary_data.py::test_project_summary_creating_is_distinct_and_counts_none PASSED [ 42%]
tests/unit/test_project_summary_data.py::test_project_summary_broken_is_distinct_and_counts_none PASSED [ 42%]
tests/unit/test_project_summary_data.py::test_parse_dolt_timestamp_matches_the_bd_iso_parse_for_the_same_instant PASSED [ 42%]
tests/unit/test_project_summary_data.py::test_parse_dolt_timestamp_is_aware_utc_so_summary_arithmetic_never_raises PASSED [ 42%]
tests/unit/test_project_summary_data.py::test_parse_dolt_timestamp_none_for_empty_null_and_garbage PASSED [ 43%]
tests/unit/test_redaction.py::test_redact_email PASSED                   [ 43%]
tests/unit/test_redaction.py::test_redact_path_home PASSED               [ 43%]
tests/unit/test_redaction.py::test_redact_path_users PASSED              [ 43%]
tests/unit/test_redaction.py::test_redact_ssn PASSED                     [ 43%]
tests/unit/test_redaction.py::test_redact_card_number PASSED             [ 43%]
tests/unit/test_redaction.py::test_redact_phone_number PASSED            [ 43%]
tests/unit/test_redaction.py::test_redact_secret_looking_token PASSED    [ 43%]
tests/unit/test_redaction.py::test_redact_empty_string_is_a_noop PASSED  [ 43%]
tests/unit/test_redaction.py::test_redact_clean_text_has_no_placeholders_and_no_counts PASSED [ 44%]
tests/unit/test_redaction.py::test_redact_multiple_pii_classes_in_one_string_all_counted PASSED [ 44%]
tests/unit/test_redaction.py::test_redact_repeated_same_class_counts_all_occurrences PASSED [ 44%]
tests/unit/test_redaction.py::test_redact_context_flat_string_field PASSED [ 44%]
tests/unit/test_redaction.py::test_redact_context_nested_dict_field_is_redacted PASSED [ 44%]
tests/unit/test_redaction.py::test_redact_context_list_of_strings_is_redacted PASSED [ 44%]
tests/unit/test_redaction.py::test_redact_context_non_string_values_pass_through_untouched PASSED [ 44%]
tests/unit/test_redaction.py::test_redact_context_aggregates_counts_across_nested_and_sibling_fields PASSED [ 44%]
tests/unit/test_redaction.py::test_redact_context_deeply_nested_dict_still_redacted PASSED [ 44%]
tests/unit/test_reopen_preconditions.py::test_reopen_refuses_anything_that_is_not_resolved[open] PASSED [ 44%]
tests/unit/test_reopen_preconditions.py::test_reopen_refuses_anything_that_is_not_resolved[held] PASSED [ 45%]
tests/unit/test_reopen_preconditions.py::test_reopen_refuses_anything_that_is_not_resolved[blocked] PASSED [ 45%]
tests/unit/test_reopen_preconditions.py::test_reopen_refuses_anything_that_is_not_resolved[deferred] PASSED [ 45%]
tests/unit/test_reopen_preconditions.py::test_reopen_refuses_an_empty_reason_before_reading_anything[] PASSED [ 45%]
tests/unit/test_reopen_preconditions.py::test_reopen_refuses_an_empty_reason_before_reading_anything[   ] PASSED [ 45%]
tests/unit/test_reopen_preconditions.py::test_reopen_refuses_an_empty_reason_before_reading_anything[\n\t ] PASSED [ 45%]
tests/unit/test_reopen_preconditions.py::test_reopen_archives_the_verbatim_previous_record_before_transitioning PASSED [ 45%]
tests/unit/test_reopen_preconditions.py::test_reopen_refuses_to_report_success_if_the_item_is_still_resolved PASSED [ 45%]
tests/unit/test_reopen_preconditions.py::test_reopen_archives_a_blank_previous_resolution_explicitly PASSED [ 45%]
tests/unit/test_resolve_text_compare.py::test_norm_resolution_unifies_line_endings_and_strips_outer_whitespace PASSED [ 45%]
tests/unit/test_resolve_text_compare.py::test_norm_resolution_keeps_case_and_internal_whitespace_significant PASSED [ 46%]
tests/unit/test_resolve_text_compare.py::test_resolution_landed_is_true_only_for_the_same_text PASSED [ 46%]
tests/unit/test_resolve_text_compare.py::test_echo_resolution_truncates_loudly_never_silently PASSED [ 46%]
tests/unit/test_resolve_text_compare.py::test_divergent_error_message_carries_everything_a_caller_needs PASSED [ 46%]
tests/unit/test_resolve_text_compare.py::test_divergent_text_on_a_closed_item_refuses_and_writes_nothing PASSED [ 46%]
tests/unit/test_resolve_text_compare.py::test_identical_text_on_a_closed_item_is_an_idempotent_success_with_no_write PASSED [ 46%]
tests/unit/test_resolve_text_compare.py::test_resolving_an_open_item_is_unchanged PASSED [ 46%]
tests/unit/test_resolve_text_compare.py::test_post_write_readback_refuses_when_the_stored_text_is_not_ours PASSED [ 46%]
tests/unit/test_resolve_text_compare.py::test_contended_path_reports_success_only_when_our_own_text_landed PASSED [ 46%]
tests/unit/test_resolve_text_compare.py::test_contended_path_raises_when_the_readback_text_is_not_ours PASSED [ 47%]
tests/unit/test_resolve_text_compare.py::test_contended_path_still_reraises_when_the_item_never_closed PASSED [ 47%]
tests/unit/test_resolve_text_compare.py::test_resolve_returns_an_item_for_every_existing_caller PASSED [ 47%]
tests/unit/test_served_root.py::test_round_trips_the_root_baked_into_a_really_rendered_unit PASSED [ 47%]
tests/unit/test_served_root.py::test_round_trips_a_unit_rendered_with_every_web_flag_set PASSED [ 47%]
tests/unit/test_served_root.py::test_reads_the_equals_form_of_the_flag PASSED [ 47%]
tests/unit/test_served_root.py::test_tolerates_systemd_execstart_prefix_characters PASSED [ 47%]
tests/unit/test_served_root.py::test_a_unit_with_no_root_argument_reads_as_cannot_tell PASSED [ 47%]
tests/unit/test_served_root.py::test_a_trailing_root_flag_with_no_value_reads_as_cannot_tell PASSED [ 47%]
tests/unit/test_served_root.py::test_an_unquotable_execstart_reads_as_cannot_tell_rather_than_raising PASSED [ 47%]
tests/unit/test_served_root.py::test_empty_text_reads_as_cannot_tell PASSED [ 48%]
tests/unit/test_served_root.py::test_launchd_round_trips_the_root_from_program_arguments PASSED [ 48%]
tests/unit/test_served_root.py::test_launchd_plist_with_no_root_argument_reads_as_cannot_tell PASSED [ 48%]
tests/unit/test_served_root.py::test_launchd_malformed_xml_reads_as_cannot_tell_rather_than_raising PASSED [ 48%]
tests/unit/test_served_root.py::test_launchd_plist_without_program_arguments_reads_as_cannot_tell PASSED [ 48%]
tests/unit/test_served_root.py::test_read_served_root_of_a_missing_file_is_cannot_tell_not_a_crash PASSED [ 48%]
tests/unit/test_served_root.py::test_read_served_root_of_no_unit_at_all_is_cannot_tell PASSED [ 48%]
tests/unit/test_served_root.py::test_read_served_root_dispatches_on_platform PASSED [ 48%]
tests/unit/test_service.py::test_resolve_root_expands_and_resolves PASSED [ 48%]
tests/unit/test_service.py::test_resolve_root_accepts_path_object PASSED [ 48%]
tests/unit/test_service.py::test_serve_argv_tail_bakes_root_as_argument_not_env PASSED [ 49%]
tests/unit/test_service.py::test_serve_argv_tail_includes_optional_dolt_host_and_port PASSED [ 49%]
tests/unit/test_service.py::test_serve_argv_tail_omits_dolt_flags_when_not_given PASSED [ 49%]
tests/unit/test_service.py::test_serve_argv_tail_omits_every_web_flag_when_web_port_not_given PASSED [ 49%]
tests/unit/test_service.py::test_serve_argv_tail_bakes_web_port_and_defaults PASSED [ 49%]
tests/unit/test_service.py::test_serve_argv_tail_bakes_every_web_flag_when_given PASSED [ 49%]
tests/unit/test_service.py::test_serve_argv_tail_omits_web_host_public_auth_ttl_when_only_web_port_given PASSED [ 49%]
tests/unit/test_service.py::test_systemd_unit_content_bakes_web_flags_into_exec_start PASSED [ 49%]
tests/unit/test_service.py::test_systemd_unit_content_omits_web_flags_when_web_port_not_given PASSED [ 49%]
tests/unit/test_service.py::test_resolve_web_tls_returns_none_none_when_neither_given_and_no_default_cert PASSED [ 50%]
tests/unit/test_service.py::test_resolve_web_tls_auto_detects_setup_tls_defaults_when_present PASSED [ 50%]
tests/unit/test_service.py::test_resolve_web_tls_validates_explicit_paths_exist PASSED [ 50%]
tests/unit/test_service.py::test_resolve_web_tls_raises_for_missing_explicit_cert PASSED [ 50%]
tests/unit/test_service.py::test_resolve_web_tls_raises_when_only_cert_given PASSED [ 50%]
tests/unit/test_service.py::test_resolve_web_tls_raises_when_only_key_given PASSED [ 50%]
tests/unit/test_service.py::test_serve_argv_tail_bakes_web_tls_flags_when_given PASSED [ 50%]
tests/unit/test_service.py::test_serve_argv_tail_omits_web_tls_flags_when_not_given PASSED [ 50%]
tests/unit/test_service.py::test_serve_argv_tail_omits_web_tls_flags_even_with_web_port_none PASSED [ 50%]
tests/unit/test_service.py::test_systemd_unit_content_bakes_web_tls_flags_into_exec_start PASSED [ 50%]
tests/unit/test_service.py::test_serve_argv_tail_bakes_web_http_port_when_given PASSED [ 51%]
tests/unit/test_service.py::test_serve_argv_tail_omits_web_http_port_when_not_given PASSED [ 51%]
tests/unit/test_service.py::test_serve_argv_tail_omits_web_http_port_even_with_web_port_none PASSED [ 51%]
tests/unit/test_service.py::test_systemd_unit_content_bakes_web_http_port_into_exec_start PASSED [ 51%]
tests/unit/test_service.py::test_systemd_analyze_verify_clean_with_web_http_port_baked_in PASSED [ 51%]
tests/unit/test_service.py::test_systemd_analyze_verify_clean_with_web_tls_flags_baked_in PASSED [ 51%]
tests/unit/test_service.py::test_service_install_raises_tls_config_error_for_incomplete_tls_pair PASSED [ 51%]
tests/unit/test_service.py::test_systemd_analyze_verify_clean_with_web_flags_baked_in PASSED [ 51%]
tests/unit/test_service.py::test_resolve_bin_tokens_never_returns_a_single_shell_string PASSED [ 51%]
tests/unit/test_service.py::test_systemd_unit_template_has_no_environment_line_for_root PASSED [ 51%]
tests/unit/test_service.py::test_systemd_unit_template_uses_restart_always_not_on_failure PASSED [ 52%]
tests/unit/test_service.py::test_windows_is_reported_as_unsupported_not_raised PASSED [ 52%]
tests/unit/test_service.py::test_service_install_raises_service_unsupported_on_windows PASSED [ 52%]
tests/unit/test_service.py::test_no_systemctl_is_reported_as_unsupported_on_linux PASSED [ 52%]
tests/unit/test_service.py::test_darwin_describe_dispatches_to_launchd PASSED [ 52%]
tests/unit/test_service.py::test_resolve_bin_tokens_prefers_console_script_when_present PASSED [ 52%]
tests/unit/test_service.py::test_resolve_console_script_reports_nothing_when_on_path PASSED [ 52%]
tests/unit/test_service.py::test_resolve_console_script_finds_unlinked_uv_tool_install PASSED [ 52%]
tests/unit/test_service.py::test_resolve_console_script_reports_nothing_when_truly_absent PASSED [ 52%]
tests/unit/test_service.py::test_resolve_bin_tokens_falls_back_to_module_invocation_as_separate_tokens PASSED [ 52%]
tests/unit/test_service.py::test_systemd_exec_start_never_quotes_the_module_fallback_as_one_token PASSED [ 53%]
tests/unit/test_service.py::test_systemd_analyze_verify_clean_for_console_script_resolution_path PASSED [ 53%]
tests/unit/test_service.py::test_systemd_analyze_verify_clean_for_module_fallback_resolution_path PASSED [ 53%]
tests/unit/test_service.py::test_systemd_install_rolls_back_unit_file_when_systemctl_fails PASSED [ 53%]
tests/unit/test_service.py::test_systemd_install_attaches_observed_rollback_detail_on_success PASSED [ 53%]
tests/unit/test_service.py::test_systemd_install_rollback_detail_reports_a_failed_rollback_step_honestly PASSED [ 53%]
tests/unit/test_service.py::test_service_install_propagates_the_failure_after_rollback PASSED [ 53%]
tests/unit/test_service.py::test_resolve_console_script_interpreter_reads_the_shebang PASSED [ 53%]
tests/unit/test_service.py::test_resolve_console_script_interpreter_returns_sys_executable_for_module_fallback PASSED [ 53%]
tests/unit/test_service.py::test_resolve_console_script_interpreter_returns_none_when_no_shebang PASSED [ 54%]
tests/unit/test_service.py::test_probe_web_extra_importable_true_for_the_real_test_interpreter PASSED [ 54%]
tests/unit/test_service.py::test_probe_web_extra_importable_false_when_the_target_cannot_import PASSED [ 54%]
tests/unit/test_service.py::test_probe_web_extra_importable_false_when_interpreter_cannot_be_resolved PASSED [ 54%]
tests/unit/test_service.py::test_service_install_refuses_with_remedy_when_web_extra_not_importable PASSED [ 54%]
tests/unit/test_service.py::test_service_install_skips_the_web_extra_check_when_web_port_not_given PASSED [ 54%]
tests/unit/test_service.py::test_service_install_proceeds_when_web_extra_importable PASSED [ 54%]
tests/unit/test_service.py::test_systemd_user_env_injects_xdg_runtime_dir_when_unset_and_candidate_exists PASSED [ 54%]
tests/unit/test_service.py::test_systemd_user_env_also_locates_dbus_session_bus_address_when_socket_present PASSED [ 54%]
tests/unit/test_service.py::test_systemd_user_env_does_not_inject_when_no_candidate_runtime_dir_exists PASSED [ 54%]
tests/unit/test_service.py::test_systemd_user_env_never_overrides_a_preset_xdg_runtime_dir PASSED [ 55%]
tests/unit/test_service.py::test_systemd_user_env_never_overrides_a_preset_dbus_session_bus_address PASSED [ 55%]
tests/unit/test_service.py::test_systemd_user_env_reports_no_note_when_both_already_set PASSED [ 55%]
tests/unit/test_service.py::test_systemd_call_passes_the_self_healing_env_to_subprocess_run PASSED [ 55%]
tests/unit/test_service.py::test_systemd_call_never_overrides_a_preset_env_var PASSED [ 55%]
tests/unit/test_service.py::test_systemd_call_attaches_env_injection_note_to_a_raised_called_process_error PASSED [ 55%]
tests/unit/test_service.py::test_diagnose_systemd_failure_names_xdg_runtime_dir_for_the_measured_bus_error PASSED [ 55%]
tests/unit/test_service.py::test_diagnose_systemd_failure_recognizes_bus_connection_refused PASSED [ 55%]
tests/unit/test_service.py::test_diagnose_systemd_failure_reserves_does_not_use_systemd_for_a_genuinely_non_systemd_host PASSED [ 55%]
tests/unit/test_service.py::test_diagnose_systemd_failure_reports_the_observed_detail_when_genuinely_systemd PASSED [ 55%]
tests/unit/test_service.py::test_systemd_describe_reports_active_none_when_is_active_probe_is_bus_unreachable PASSED [ 56%]
tests/unit/test_service.py::test_systemd_describe_reports_active_false_for_a_genuinely_inactive_unit PASSED [ 56%]
tests/unit/test_service.py::test_systemd_describe_reports_active_true_for_a_genuinely_active_unit PASSED [ 56%]
tests/unit/test_service.py::test_probe_systemd_user_bus_skips_when_systemctl_absent PASSED [ 56%]
tests/unit/test_service.py::test_probe_systemd_user_bus_skips_on_darwin PASSED [ 56%]
tests/unit/test_service.py::test_probe_systemd_user_bus_reachable_when_show_environment_succeeds PASSED [ 56%]
tests/unit/test_service.py::test_probe_systemd_user_bus_unreachable_names_xdg_fix_for_a_bus_error PASSED [ 56%]
tests/unit/test_supervisor.py::test_no_holders_means_proceed PASSED      [ 56%]
tests/unit/test_supervisor.py::test_holders_not_responding_means_kill_stale PASSED [ 56%]
tests/unit/test_supervisor.py::test_holders_not_responding_ignores_owned_pid PASSED [ 57%]
tests/unit/test_supervisor.py::test_healthy_and_owned_means_refuse_ours PASSED [ 57%]
tests/unit/test_supervisor.py::test_healthy_and_owned_pid_present_among_multiple_holders PASSED [ 57%]
tests/unit/test_supervisor.py::test_healthy_but_not_owned_means_refuse_foreign PASSED [ 57%]
tests/unit/test_supervisor.py::test_healthy_owned_pid_recorded_but_holder_is_someone_else PASSED [ 57%]
tests/unit/test_supervisor.py::test_classification_is_exhaustive_and_returns_only_known_actions PASSED [ 57%]
tests/unit/test_supervisor.py::test_ensure_port_available_proceeds_silently_when_free PASSED [ 57%]
tests/unit/test_supervisor.py::test_ensure_port_available_kills_stale_holder PASSED [ 57%]
tests/unit/test_supervisor.py::test_ensure_port_available_refuses_ours_without_killing PASSED [ 57%]
tests/unit/test_supervisor.py::test_ensure_port_available_refuses_foreign_without_killing PASSED [ 57%]
tests/unit/test_supervisor.py::test_ensure_port_available_force_kills_unconditionally PASSED [ 58%]
tests/unit/test_supervisor.py::test_read_owned_pid_missing_file_is_none PASSED [ 58%]
tests/unit/test_supervisor.py::test_read_owned_pid_garbage_contents_is_none PASSED [ 58%]
tests/unit/test_supervisor.py::test_read_owned_pid_reads_back_written_value PASSED [ 58%]
tests/unit/test_supervisor.py::test_budget_not_exceeded_below_the_count PASSED [ 58%]
tests/unit/test_supervisor.py::test_budget_exceeded_at_the_count_within_the_window PASSED [ 58%]
tests/unit/test_supervisor.py::test_budget_never_exceeded_when_exits_are_spaced_beyond_the_window PASSED [ 58%]
tests/unit/test_supervisor.py::test_budget_trims_old_entries_before_counting PASSED [ 58%]
tests/unit/test_supervisor.py::test_dolt_supervisor_loop_gives_up_loudly_after_budget_exhausted PASSED [ 58%]
tests/unit/test_supervisor.py::test_dolt_supervisor_loop_stops_cleanly_without_raising_when_stop_requested PASSED [ 58%]
tests/unit/test_supervisor.py::test_reap_project_reclaims_stale_and_keeps_fresh PASSED [ 59%]
tests/unit/test_supervisor.py::test_reap_sweep_isolates_a_broken_project_from_the_others PASSED [ 59%]
tests/unit/test_supervisor.py::test_reap_project_asks_for_every_held_item_not_bds_default_page PASSED [ 59%]
tests/unit/test_supervisor.py::test_reap_project_reports_an_item_it_could_not_release_instead_of_aborting PASSED [ 59%]
tests/unit/test_supervisor.py::test_notify_project_flips_only_linked_unresolved_reports PASSED [ 59%]
tests/unit/test_supervisor.py::test_notify_sweep_isolates_a_broken_project_from_the_others PASSED [ 59%]
tests/unit/test_supervisor.py::test_reap_loop_records_start_before_its_first_sweep_completes PASSED [ 59%]
tests/unit/test_supervisor.py::test_reap_loop_records_completion_after_a_sweep PASSED [ 59%]
tests/unit/test_supervisor.py::test_notify_loop_records_completion_after_a_sweep PASSED [ 59%]
tests/unit/test_supervisor.py::test_reap_and_notify_loops_use_independent_heartbeat_records PASSED [ 60%]
tests/unit/test_supervisor_web.py::test_import_web_modules_returns_the_webapp_module PASSED [ 60%]
tests/unit/test_supervisor_web.py::test_import_web_modules_wraps_import_error_with_actionable_hint PASSED [ 60%]
tests/unit/test_supervisor_web.py::test_web_stop_watcher_mirrors_stop_event_into_should_exit PASSED [ 60%]
tests/unit/test_supervisor_web.py::test_web_server_loop_serves_a_reachable_dashboard_and_drains_on_stop_event PASSED [ 60%]
tests/unit/test_supervisor_web.py::test_web_server_loop_serves_https_when_tls_cert_and_key_are_given PASSED [ 60%]
tests/unit/test_supervisor_web.py::test_web_server_loop_runs_trust_bootstrap_companion_listener_when_tls_active PASSED [ 60%]
tests/unit/test_supervisor_web.py::test_web_server_loop_omits_trust_bootstrap_without_http_port PASSED [ 60%]
tests/unit/test_supervisor_web.py::test_web_server_loop_raises_web_server_startup_error_for_rejected_config PASSED [ 60%]
tests/unit/test_supervisor_web.py::test_web_server_loop_raises_web_server_startup_error_on_bind_failure PASSED [ 60%]
tests/unit/test_supervisor_web.py::test_async_serve_without_web_never_touches_web_modules PASSED [ 61%]
tests/unit/test_supervisor_web.py::test_async_serve_with_web_runs_all_four_tasks PASSED [ 61%]
tests/unit/test_supervisor_web.py::test_web_server_loop_wraps_missing_web_extra_as_web_server_startup_error PASSED [ 61%]
tests/unit/test_supervisor_web.py::test_async_serve_fails_loud_and_terminates_real_dolt_child_on_missing_web_extra PASSED [ 61%]
tests/unit/test_supervisor_web.py::test_serve_returns_1_and_prints_remedy_on_missing_web_extra PASSED [ 61%]
tests/unit/test_sweeps_reclaiming.py::test_sweep_failures_names_a_project_that_raised_wholesale PASSED [ 61%]
tests/unit/test_sweeps_reclaiming.py::test_sweep_failures_names_a_project_whose_individual_release_failed PASSED [ 61%]
tests/unit/test_sweeps_reclaiming.py::test_sweep_failures_is_empty_for_a_clean_sweep PASSED [ 61%]
tests/unit/test_sweeps_reclaiming.py::test_sweep_failures_treats_a_non_dict_result_as_a_failure PASSED [ 61%]
tests/unit/test_sweeps_reclaiming.py::test_clean_sweep_is_ok_and_reports_the_counts PASSED [ 61%]
tests/unit/test_sweeps_reclaiming.py::test_a_sweep_with_failed_projects_fails_loudly_and_names_them PASSED [ 62%]
tests/unit/test_sweeps_reclaiming.py::test_many_failed_projects_are_truncated_but_counted_honestly PASSED [ 62%]
tests/unit/test_sweeps_reclaiming.py::test_a_record_from_an_older_supervisor_says_unknown_not_zero PASSED [ 62%]
tests/unit/test_sweeps_reclaiming.py::test_no_record_defers_to_the_liveness_check PASSED [ 62%]
tests/unit/test_sweeps_reclaiming.py::test_notify_loop_completion_does_not_claim_zero_failures PASSED [ 62%]
tests/unit/test_sweeps_reclaiming.py::test_reap_loop_outcome_round_trips_through_the_heartbeat_file PASSED [ 62%]
tests/unit/test_sweeps_reclaiming.py::test_recording_an_outcome_does_not_break_the_liveness_check PASSED [ 62%]
tests/unit/test_sweeps_reclaiming.py::test_check_is_skipped_when_the_service_is_not_installed PASSED [ 62%]
tests/unit/test_sweeps_reclaiming.py::test_check_is_skipped_when_the_service_is_installed_but_inactive PASSED [ 62%]
tests/unit/test_sweeps_reclaiming.py::test_check_fails_when_the_last_sweep_failed_on_a_project PASSED [ 62%]
tests/unit/test_sweeps_reclaiming.py::test_check_passes_on_a_clean_sweep PASSED [ 63%]
tests/unit/test_sweeps_reclaiming.py::test_sweeps_alive_and_sweeps_reclaiming_are_two_distinct_assumptions PASSED [ 63%]
tests/unit/test_sweeps_root_scope.py::test_sweeps_alive_is_unknown_not_failed_for_a_root_the_service_does_not_serve PASSED [ 63%]
tests/unit/test_sweeps_root_scope.py::test_the_unknown_detail_names_BOTH_roots_and_how_to_evaluate_it_properly PASSED [ 63%]
tests/unit/test_sweeps_root_scope.py::test_sweeps_reclaiming_gets_the_same_gate PASSED [ 63%]
tests/unit/test_sweeps_root_scope.py::test_a_matching_root_expressed_differently_is_still_the_same_root PASSED [ 63%]
tests/unit/test_sweeps_root_scope.py::test_served_root_with_no_heartbeat_at_all_STILL_FAILS PASSED [ 63%]
tests/unit/test_sweeps_root_scope.py::test_served_root_with_a_stale_heartbeat_STILL_FAILS PASSED [ 63%]
tests/unit/test_sweeps_root_scope.py::test_served_root_with_a_dead_pid_heartbeat_STILL_FAILS PASSED [ 63%]
tests/unit/test_sweeps_root_scope.py::test_served_root_with_a_sweep_that_failed_on_every_project_STILL_FAILS PASSED [ 64%]
tests/unit/test_sweeps_root_scope.py::test_when_the_served_root_cannot_be_determined_we_evaluate_anyway_and_can_still_FAIL PASSED [ 64%]
tests/unit/test_sweeps_root_scope.py::test_the_gate_never_runs_before_the_service_is_even_installed PASSED [ 64%]
tests/unit/test_theme_persistence.py::test_the_storage_key_is_declared_once_and_used_by_both_sides PASSED [ 64%]
tests/unit/test_theme_persistence.py::test_the_setter_persists_the_choice PASSED [ 64%]
tests/unit/test_theme_persistence.py::test_the_setter_survives_storage_being_unavailable PASSED [ 64%]
tests/unit/test_theme_persistence.py::test_the_resolver_is_inlined_in_head_before_the_body PASSED [ 64%]
tests/unit/test_theme_persistence.py::test_the_server_still_declares_dark_as_the_first_paint_default PASSED [ 64%]
tests/unit/test_theme_persistence.py::test_the_resolver_prefers_an_explicit_choice_over_the_os_preference PASSED [ 64%]
tests/unit/test_theme_persistence.py::test_the_toggle_resyncs_itself_after_the_body_swap PASSED [ 64%]
tests/unit/test_theme_persistence.py::test_only_the_visitors_own_click_persists_anything PASSED [ 65%]
tests/unit/test_theme_persistence.py::test_a_fresh_visitor_with_no_preference_gets_dark PASSED [ 65%]
tests/unit/test_theme_persistence.py::test_choosing_light_then_reloading_keeps_light PASSED [ 65%]
tests/unit/test_theme_persistence.py::test_choosing_dark_on_a_light_os_survives_the_reload_too PASSED [ 65%]
tests/unit/test_theme_persistence.py::test_the_os_light_preference_is_honoured_when_nothing_is_stored PASSED [ 65%]
tests/unit/test_theme_persistence.py::test_a_junk_stored_value_falls_back_to_the_default_rather_than_applying_it PASSED [ 65%]
tests/unit/test_unavailable_not_absent.py::test_get_readonly_under_transport_failure_does_not_claim_absence PASSED [ 65%]
tests/unit/test_unavailable_not_absent.py::test_get_readonly_transport_failure_is_a_distinct_TYPE PASSED [ 65%]
tests/unit/test_unavailable_not_absent.py::test_get_readonly_genuine_absence_is_UNCHANGED PASSED [ 65%]
tests/unit/test_unavailable_not_absent.py::test_get_readonly_wrong_project_prefix_is_UNCHANGED PASSED [ 65%]
tests/unit/test_unavailable_not_absent.py::test_claim_item_under_transport_failure_does_not_say_item_not_found PASSED [ 66%]
tests/unit/test_unavailable_not_absent.py::test_claim_item_genuine_absence_is_UNCHANGED PASSED [ 66%]
tests/unit/test_unavailable_not_absent.py::test_project_summary_under_transport_failure_is_UNAVAILABLE_not_ERROR PASSED [ 66%]
tests/unit/test_unavailable_not_absent.py::test_project_summary_unavailable_is_distinct_from_every_other_status PASSED [ 66%]
tests/unit/test_unavailable_not_absent.py::test_project_summary_real_read_failure_still_reports_ERROR PASSED [ 66%]
tests/unit/test_unavailable_not_absent.py::test_project_summary_healthy_is_UNCHANGED PASSED [ 66%]
tests/unit/test_view_query_bounds.py::test_the_audit_actually_finds_the_l1_listing_call PASSED [ 66%]
tests/unit/test_view_query_bounds.py::test_every_listing_call_reached_from_a_read_only_route_passes_a_finite_limit PASSED [ 66%]
tests/unit/test_view_query_bounds.py::test_the_exempted_uncapped_helpers_are_still_reached_by_nothing PASSED [ 66%]
tests/unit/test_view_query_bounds.py::test_the_l1_ceiling_is_the_repo_s_existing_max_limit_convention PASSED [ 67%]
tests/unit/test_view_query_bounds.py::test_truncation_note_is_silent_when_the_page_shows_everything PASSED [ 67%]
tests/unit/test_view_query_bounds.py::test_truncation_note_reports_the_real_total_when_the_read_was_not_capped PASSED [ 67%]
tests/unit/test_view_query_bounds.py::test_truncation_note_says_at_least_and_names_the_cap_when_the_read_was_bounded PASSED [ 67%]
tests/unit/test_view_query_bounds.py::test_truncation_note_speaks_up_when_capped_even_if_the_page_fits PASSED [ 67%]
tests/unit/test_webapp_held_staleness.py::test_custody_reading_none_when_not_held PASSED [ 67%]
tests/unit/test_webapp_held_staleness.py::test_custody_reading_fresh_hold_uses_started_at_for_age_and_is_not_stale PASSED [ 67%]
tests/unit/test_webapp_held_staleness.py::test_custody_reading_stale_when_renewal_lapsed_past_ttl PASSED [ 67%]
tests/unit/test_webapp_held_staleness.py::test_custody_reading_ttl_boundary_exactly_at_ttl_is_still_fresh PASSED [ 67%]
tests/unit/test_webapp_held_staleness.py::test_custody_reading_no_custody_record_is_stale_and_proxied_from_updated_at PASSED [ 67%]
tests/unit/test_webapp_held_staleness.py::test_custody_reading_no_custody_record_and_no_updated_at_has_no_age_at_all PASSED [ 68%]
tests/unit/test_webapp_held_staleness.py::test_custody_reading_awaiting_human_fresh_is_not_stale_but_reports_declared_state PASSED [ 68%]
tests/unit/test_webapp_held_staleness.py::test_custody_reading_awaiting_human_past_escalation_ceiling_is_stale PASSED [ 68%]
tests/unit/test_webapp_held_staleness.py::test_custody_html_none_reading_renders_nothing PASSED [ 68%]
tests/unit/test_webapp_held_staleness.py::test_custody_html_fresh_reading_is_neutral_not_amber PASSED [ 68%]
tests/unit/test_webapp_held_staleness.py::test_custody_html_stale_reading_is_amber_and_carries_the_real_reason_as_title PASSED [ 68%]
tests/unit/test_webapp_held_staleness.py::test_custody_html_no_age_renders_held_with_no_duration PASSED [ 68%]
tests/unit/test_webapp_held_staleness.py::test_custody_html_proxy_age_is_labeled_as_a_proxy_not_a_real_duration PASSED [ 68%]
tests/unit/test_webapp_held_staleness.py::test_custody_html_fresh_awaiting_human_notes_the_ttl_clock_still_runs PASSED [ 68%]
tests/unit/test_webapp_held_staleness.py::test_custody_html_unknown_holder_degrades_honestly PASSED [ 68%]
tests/unit/test_webapp_held_staleness.py::test_item_row_held_item_shows_custody_reading_not_bare_identity PASSED [ 69%]
tests/unit/test_webapp_held_staleness.py::test_item_row_stale_held_item_shows_amber_custody_class PASSED [ 69%]
tests/unit/test_webapp_held_staleness.py::test_attention_signal_held_stale_default_is_byte_identical_to_before PASSED [ 69%]
tests/unit/test_webapp_held_staleness.py::test_attention_signal_held_stale_adds_a_parenthetical_when_nonzero PASSED [ 69%]
tests/unit/test_webapp_held_staleness.py::test_attention_signal_held_stale_zero_is_absent_not_a_dimmed_zero PASSED [ 69%]
tests/unit/test_webapp_held_staleness.py::test_attention_signal_held_stale_never_escalates_to_crimson_alone PASSED [ 69%]
tests/unit/test_webapp_held_staleness.py::test_attention_signal_held_stale_never_double_counts_the_total PASSED [ 69%]
tests/unit/test_webapp_held_staleness.py::test_held_stale_count_counts_only_reclaim_eligible_items PASSED [ 69%]
tests/unit/test_webapp_held_staleness.py::test_held_stale_count_zero_when_every_hold_is_fresh PASSED [ 69%]
tests/unit/test_webapp_held_staleness.py::test_held_stale_count_empty_list_is_zero PASSED [ 70%]
tests/unit/test_webapp_identity.py::test_humanize_identity_reduces_a_github_noreply_address_to_the_username PASSED [ 70%]
tests/unit/test_webapp_identity.py::test_humanize_identity_handles_a_hyphenated_username PASSED [ 70%]
tests/unit/test_webapp_identity.py::test_humanize_identity_leaves_an_ordinary_actor_name_unchanged PASSED [ 70%]
tests/unit/test_webapp_identity.py::test_humanize_identity_leaves_a_non_noreply_email_unchanged PASSED [ 70%]
tests/unit/test_webapp_identity.py::test_humanize_identity_handles_empty_and_none PASSED [ 70%]
tests/unit/test_webapp_identity.py::test_humanize_identity_strips_surrounding_whitespace PASSED [ 70%]
tests/unit/test_webapp_identity.py::test_identity_html_wraps_a_humanized_noreply_identity_with_a_raw_tooltip PASSED [ 70%]
tests/unit/test_webapp_identity.py::test_identity_html_renders_an_ordinary_identity_as_plain_escaped_text_only PASSED [ 70%]
tests/unit/test_webapp_identity.py::test_identity_html_escapes_html_special_characters PASSED [ 70%]
tests/unit/test_webapp_identity.py::test_identity_html_returns_empty_string_for_missing_identity PASSED [ 71%]
tests/unit/test_webapp_item_render.py::test_render_item_markdown_converts_bold PASSED [ 71%]
tests/unit/test_webapp_item_render.py::test_render_item_markdown_converts_inline_code PASSED [ 71%]
tests/unit/test_webapp_item_render.py::test_render_item_markdown_converts_fenced_code_block_and_preserves_alignment PASSED [ 71%]
tests/unit/test_webapp_item_render.py::test_render_item_markdown_converts_headings_to_subordinate_tags PASSED [ 71%]
tests/unit/test_webapp_item_render.py::test_render_item_markdown_leaves_plain_text_unchanged PASSED [ 71%]
tests/unit/test_webapp_item_render.py::test_render_item_markdown_escapes_html_before_processing_markdown PASSED [ 71%]
tests/unit/test_webapp_item_render.py::test_render_item_markdown_does_not_process_markdown_inside_code_blocks PASSED [ 71%]
tests/unit/test_webapp_item_render.py::test_render_item_markdown_preserves_newlines_for_the_pre_wrap_container PASSED [ 71%]
tests/unit/test_webapp_item_render.py::test_content_block_html_shows_empty_message_when_text_is_none PASSED [ 71%]
tests/unit/test_webapp_item_render.py::test_content_block_html_shows_empty_message_when_text_is_empty_string PASSED [ 72%]
tests/unit/test_webapp_item_render.py::test_content_block_html_renders_provided_text_with_monospace_and_measure PASSED [ 72%]
tests/unit/test_webapp_item_render.py::test_content_block_html_renders_markdown_inside_the_block PASSED [ 72%]
tests/unit/test_webapp_item_render.py::test_fact_value_html_escapes_and_is_non_interactive PASSED [ 72%]
tests/unit/test_webapp_item_render.py::test_fact_value_html_escapes_html_special_characters PASSED [ 72%]
tests/unit/test_webapp_item_render.py::test_item_row_never_concatenates_id_and_title_without_a_separator PASSED [ 72%]
tests/unit/test_webapp_item_render.py::test_item_row_has_separate_id_and_title_cells PASSED [ 72%]
tests/unit/test_webapp_item_render.py::test_dependency_sections_empty_links_renders_nothing PASSED [ 72%]
tests/unit/test_webapp_item_render.py::test_dependency_sections_unsatisfied_blocker_is_crimson_and_shows_holder PASSED [ 72%]
tests/unit/test_webapp_item_render.py::test_dependency_sections_unsatisfied_blocker_falls_back_to_reporter_when_not_held PASSED [ 72%]
tests/unit/test_webapp_item_render.py::test_dependency_sections_satisfied_blocker_is_neutral_with_check_mark PASSED [ 73%]
tests/unit/test_webapp_item_render.py::test_dependency_sections_discovered_from_is_a_neutral_note_not_a_blocker PASSED [ 73%]
tests/unit/test_webapp_item_render.py::test_dependency_sections_blocks_inverse_is_cheap_and_neutral PASSED [ 73%]
tests/unit/test_webapp_item_render.py::test_dependency_sections_other_type_falls_back_to_generic_links_list PASSED [ 73%]
tests/unit/test_webapp_item_render.py::test_dependency_sections_missing_id_is_skipped_not_rendered_as_broken_link PASSED [ 73%]
tests/unit/test_webapp_item_render.py::test_dependency_sections_blocks_uses_link_chip_grid PASSED [ 73%]
tests/unit/test_webapp_item_render.py::test_dependency_sections_related_type_gets_its_own_column PASSED [ 73%]
tests/unit/test_webapp_item_render.py::test_dependency_sections_no_blocks_or_related_renders_no_links_grid PASSED [ 73%]
tests/unit/test_webapp_item_render.py::test_activity_feed_empty_list_renders_nothing PASSED [ 73%]
tests/unit/test_webapp_item_render.py::test_activity_feed_renders_summary_actor_and_detail PASSED [ 74%]
tests/unit/test_webapp_item_render.py::test_activity_feed_does_not_render_its_own_heading PASSED [ 74%]
tests/unit/test_webapp_item_render.py::test_activity_feed_preserves_caller_supplied_order PASSED [ 74%]
tests/unit/test_webapp_list_polish.py::test_status_tab_counts_mirrors_the_real_project_summary PASSED [ 74%]
tests/unit/test_webapp_list_polish.py::test_status_tab_counts_all_zero_for_a_broken_or_creating_project PASSED [ 74%]
tests/unit/test_webapp_list_polish.py::test_status_tab_counts_none_fields_become_zero_not_none PASSED [ 74%]
tests/unit/test_webapp_list_polish.py::test_status_tabs_html_shows_all_six_tabs_with_real_counts PASSED [ 74%]
tests/unit/test_webapp_list_polish.py::test_status_tabs_html_zero_count_is_dimmed_not_hidden PASSED [ 74%]
tests/unit/test_webapp_list_polish.py::test_status_tabs_html_held_turns_amber_when_nonzero PASSED [ 74%]
tests/unit/test_webapp_list_polish.py::test_status_tabs_html_blocked_turns_crimson_when_nonzero PASSED [ 74%]
tests/unit/test_webapp_list_polish.py::test_status_tabs_html_ready_and_resolved_never_get_an_alarm_class_even_when_large PASSED [ 75%]
tests/unit/test_webapp_list_polish.py::test_status_tabs_html_active_tab_is_marked PASSED [ 75%]
tests/unit/test_webapp_list_polish.py::test_status_tabs_html_all_tab_is_active_when_no_status_filter PASSED [ 75%]
tests/unit/test_webapp_list_polish.py::test_status_tabs_html_clicking_a_tab_filters_via_status_query_param PASSED [ 75%]
tests/unit/test_webapp_list_polish.py::test_status_tabs_html_carries_an_active_search_through PASSED [ 75%]
tests/unit/test_webapp_list_polish.py::test_tab_href_all_tab_with_no_search_has_no_query_string PASSED [ 75%]
tests/unit/test_webapp_list_polish.py::test_tab_href_all_tab_with_a_search_carries_only_q PASSED [ 75%]
tests/unit/test_webapp_list_polish.py::test_item_age_html_none_renders_the_shared_empty_glyph PASSED [ 75%]
tests/unit/test_webapp_list_polish.py::test_item_age_html_fresh_item_reads_now_not_0m PASSED [ 75%]
tests/unit/test_webapp_list_polish.py::test_item_age_html_uses_the_same_compact_units_as_the_row_age_column PASSED [ 75%]
tests/unit/test_webapp_list_polish.py::test_item_age_html_days_matches_age_short PASSED [ 76%]
tests/unit/test_webapp_list_polish.py::test_item_age_html_carries_the_real_iso_timestamp_as_a_title PASSED [ 76%]
tests/unit/test_webapp_list_polish.py::test_item_age_html_never_escalates_to_the_amber_alarm_tier PASSED [ 76%]
tests/unit/test_webapp_list_polish.py::test_item_age_html_moderately_old_still_reads_a2 PASSED [ 76%]
tests/unit/test_webapp_list_polish.py::test_priority_bar_html_maps_each_bd_priority_to_its_ramp_step[0-p0] PASSED [ 76%]
tests/unit/test_webapp_list_polish.py::test_priority_bar_html_maps_each_bd_priority_to_its_ramp_step[1-p1] PASSED [ 76%]
tests/unit/test_webapp_list_polish.py::test_priority_bar_html_maps_each_bd_priority_to_its_ramp_step[2-p2] PASSED [ 76%]
tests/unit/test_webapp_list_polish.py::test_priority_bar_html_maps_each_bd_priority_to_its_ramp_step[3-p3] PASSED [ 76%]
tests/unit/test_webapp_list_polish.py::test_priority_bar_html_maps_each_bd_priority_to_its_ramp_step[4-p4] PASSED [ 76%]
tests/unit/test_webapp_list_polish.py::test_priority_bar_html_none_degrades_honestly_to_the_faint_neutral PASSED [ 77%]
tests/unit/test_webapp_list_polish.py::test_priority_bar_html_out_of_range_value_also_degrades_honestly PASSED [ 77%]
tests/unit/test_webapp_list_polish.py::test_priority_bar_html_never_uses_the_reserved_amber_or_crimson_hues PASSED [ 77%]
tests/unit/test_webapp_list_polish.py::test_status_icon_html_reuses_the_same_colour_class_as_the_text_badge[open-st-open] PASSED [ 77%]
tests/unit/test_webapp_list_polish.py::test_status_icon_html_reuses_the_same_colour_class_as_the_text_badge[held-st-held] PASSED [ 77%]
tests/unit/test_webapp_list_polish.py::test_status_icon_html_reuses_the_same_colour_class_as_the_text_badge[blocked-st-blkd] PASSED [ 77%]
tests/unit/test_webapp_list_polish.py::test_status_icon_html_reuses_the_same_colour_class_as_the_text_badge[deferred-st-deferred] PASSED [ 77%]
tests/unit/test_webapp_list_polish.py::test_status_icon_html_reuses_the_same_colour_class_as_the_text_badge[resolved-st-done] PASSED [ 77%]
tests/unit/test_webapp_list_polish.py::test_item_row_includes_a_priority_bar_and_status_icon_gutter_cell PASSED [ 77%]
tests/unit/test_webapp_list_polish.py::test_item_row_gutter_degrades_honestly_when_priority_is_missing PASSED [ 77%]
tests/unit/test_webapp_nav_density.py::test_sidebar_open_total_is_total_minus_resolved PASSED [ 78%]
tests/unit/test_webapp_nav_density.py::test_sidebar_open_total_none_for_broken_project PASSED [ 78%]
tests/unit/test_webapp_nav_density.py::test_sidebar_open_total_none_for_missing_summary PASSED [ 78%]
tests/unit/test_webapp_nav_density.py::test_sidebar_open_total_never_goes_negative PASSED [ 78%]
tests/unit/test_webapp_nav_density.py::test_sidebar_open_total_none_fields_become_zero PASSED [ 78%]
tests/unit/test_webapp_nav_density.py::test_sidebar_alarm_class_blank_when_calm PASSED [ 78%]
tests/unit/test_webapp_nav_density.py::test_sidebar_alarm_class_amber_when_held PASSED [ 78%]
tests/unit/test_webapp_nav_density.py::test_sidebar_alarm_class_crimson_when_blocked PASSED [ 78%]
tests/unit/test_webapp_nav_density.py::test_sidebar_alarm_class_blocked_outranks_held PASSED [ 78%]
tests/unit/test_webapp_nav_density.py::test_sidebar_alarm_class_blank_for_broken_project PASSED [ 78%]
tests/unit/test_webapp_nav_density.py::test_sidebar_alarm_class_blank_for_missing_summary PASSED [ 79%]
tests/unit/test_webapp_nav_density.py::test_sidebar_html_lists_every_project_alphabetically PASSED [ 79%]
tests/unit/test_webapp_nav_density.py::test_sidebar_html_rollup_shows_real_summed_open_total PASSED [ 79%]
tests/unit/test_webapp_nav_density.py::test_sidebar_html_rollup_excludes_broken_projects_from_the_total PASSED [ 79%]
tests/unit/test_webapp_nav_density.py::test_sidebar_html_shows_open_over_total_badge_per_row PASSED [ 79%]
tests/unit/test_webapp_nav_density.py::test_sidebar_html_broken_project_badge_is_an_honest_dash PASSED [ 79%]
tests/unit/test_webapp_nav_density.py::test_sidebar_html_marks_current_project_row_not_the_rollup PASSED [ 79%]
tests/unit/test_webapp_nav_density.py::test_sidebar_html_marks_rollup_current_on_the_dashboard PASSED [ 79%]
tests/unit/test_webapp_nav_density.py::test_sidebar_html_alarm_marker_reaches_the_row_class PASSED [ 79%]
tests/unit/test_webapp_nav_density.py::test_sidebar_html_calm_project_carries_no_alarm_class PASSED [ 80%]
tests/unit/test_webapp_nav_density.py::test_sidebar_html_empty_workspace_renders_a_zero_rollup_and_no_rows PASSED [ 80%]
tests/unit/test_webapp_nav_density.py::test_sidebar_html_escapes_project_names PASSED [ 80%]
tests/unit/test_webapp_nav_density.py::test_sidebar_html_includes_the_narrow_width_checkbox_toggle PASSED [ 80%]
tests/unit/test_webapp_nav_density.py::test_search_field_shows_a_slash_shortcut_hint_by_default PASSED [ 80%]
tests/unit/test_webapp_nav_density.py::test_search_field_aria_label_never_carries_the_shortcut_hint PASSED [ 80%]
tests/unit/test_webapp_nav_density.py::test_search_field_shortcut_can_be_suppressed PASSED [ 80%]
tests/unit/test_webapp_nav_density.py::test_density_toggle_html_default_is_unpressed PASSED [ 80%]
tests/unit/test_webapp_nav_density.py::test_list_controls_js_uses_the_dedicated_localstorage_key PASSED [ 80%]
tests/unit/test_webapp_nav_density.py::test_list_controls_js_has_its_own_dedicated_bind_once_guard PASSED [ 80%]
tests/unit/test_webapp_nav_density.py::test_list_controls_js_guards_row_nav_keys_against_focused_fields PASSED [ 81%]
tests/unit/test_webapp_nav_density.py::test_list_controls_js_respects_reduced_motion_for_scrolling PASSED [ 81%]
tests/unit/test_webapp_nav_density.py::test_list_controls_js_targets_the_shared_row_selector PASSED [ 81%]
tests/unit/test_webapp_setup.py::test_unauthenticated_get_setup_redirects_to_login PASSED [ 81%]
tests/unit/test_webapp_setup.py::test_unauthenticated_get_setup_refused_json PASSED [ 81%]
tests/unit/test_webapp_setup.py::test_unauthenticated_post_setup_tls_refused_json PASSED [ 81%]
tests/unit/test_webapp_setup.py::test_unauthenticated_get_ca_crt_refused_json PASSED [ 81%]
tests/unit/test_webapp_setup.py::test_authenticated_get_setup_succeeds PASSED [ 81%]
tests/unit/test_webapp_setup.py::test_dashboard_chrome_links_to_setup_when_authenticated PASSED [ 81%]
tests/unit/test_webapp_setup.py::test_setup_status_shows_http_and_no_cert_note_when_nothing_configured PASSED [ 81%]
tests/unit/test_webapp_setup.py::test_setup_status_reports_https_scheme_from_the_real_request PASSED [ 82%]
tests/unit/test_webapp_setup.py::test_setup_status_labels_self_signed_certificate PASSED [ 82%]
tests/unit/test_webapp_setup.py::test_setup_status_flags_stale_cert_when_scheme_is_still_http PASSED [ 82%]
tests/unit/test_webapp_setup.py::test_setup_status_labels_local_ca_signed_certificate_and_offers_download PASSED [ 82%]
tests/unit/test_webapp_setup.py::test_setup_status_expiring_soon_certificate_is_flagged PASSED [ 82%]
tests/unit/test_webapp_setup.py::test_setup_status_expired_certificate_is_flagged PASSED [ 82%]
tests/unit/test_webapp_setup.py::test_setup_shows_all_three_real_methods_and_never_mkcert PASSED [ 82%]
tests/unit/test_webapp_setup.py::test_setup_shows_tailscale_disabled_when_unavailable PASSED [ 82%]
tests/unit/test_webapp_setup.py::test_setup_shows_tailscale_available_with_detected_hostname PASSED [ 82%]
tests/unit/test_webapp_setup.py::test_post_setup_tls_selfsigned_generates_a_real_cert_in_the_isolated_home PASSED [ 82%]
tests/unit/test_webapp_setup.py::test_post_setup_tls_ca_generates_both_ca_and_leaf PASSED [ 83%]
tests/unit/test_webapp_setup.py::test_post_setup_tls_unknown_method_is_refused_with_400 PASSED [ 83%]
tests/unit/test_webapp_setup.py::test_post_setup_tls_tailscale_unavailable_is_refused_with_400 PASSED [ 83%]
tests/unit/test_webapp_setup.py::test_post_setup_tls_does_not_touch_the_real_developer_home PASSED [ 83%]
tests/unit/test_webapp_setup.py::test_ca_crt_route_404s_when_no_ca_is_configured PASSED [ 83%]
tests/unit/test_webapp_setup.py::test_ca_crt_route_serves_a_valid_pem_when_ca_is_configured PASSED [ 83%]
tests/unit/test_webapp_setup.py::test_recommended_method_is_tailscale_when_available PASSED [ 83%]
tests/unit/test_webapp_setup.py::test_recommended_method_is_local_ca_when_tailscale_unavailable PASSED [ 83%]
tests/unit/test_webapp_setup.py::test_setup_shows_friction_spectrum_framing PASSED [ 83%]
tests/unit/test_webapp_setup.py::test_setup_recommends_tailscale_when_available PASSED [ 84%]
tests/unit/test_webapp_setup.py::test_setup_recommends_local_ca_when_tailscale_unavailable PASSED [ 84%]
tests/unit/test_webapp_setup.py::test_trust_bootstrap_url_uses_configured_web_http_port_when_known PASSED [ 84%]
tests/unit/test_webapp_setup.py::test_trust_bootstrap_url_falls_back_to_https_port_plus_one_pattern PASSED [ 84%]
tests/unit/test_webapp_setup.py::test_trust_bootstrap_url_pattern_uses_explicit_https_port PASSED [ 84%]
tests/unit/test_webapp_setup.py::test_setup_ca_section_omits_trust_cross_link_when_no_ca_configured PASSED [ 84%]
tests/unit/test_webapp_tls.py::test_resolve_web_config_defaults_to_no_tls_when_nothing_configured PASSED [ 84%]
tests/unit/test_webapp_tls.py::test_resolve_web_config_uses_explicit_tls_cert_and_key PASSED [ 84%]
tests/unit/test_webapp_tls.py::test_resolve_web_config_raises_for_missing_explicit_cert PASSED [ 84%]
tests/unit/test_webapp_tls.py::test_resolve_web_config_raises_for_missing_explicit_key PASSED [ 84%]
tests/unit/test_webapp_tls.py::test_resolve_web_config_raises_when_only_tls_cert_given PASSED [ 85%]
tests/unit/test_webapp_tls.py::test_resolve_web_config_raises_when_only_tls_key_given PASSED [ 85%]
tests/unit/test_webapp_tls.py::test_resolve_web_config_never_silently_falls_back_to_http_for_missing_explicit_cert PASSED [ 85%]
tests/unit/test_webapp_tls.py::test_resolve_web_config_raises_for_unreadable_explicit_cert PASSED [ 85%]
tests/unit/test_webapp_tls.py::test_resolve_web_config_auto_detects_setup_tls_default_cert PASSED [ 85%]
tests/unit/test_webapp_tls.py::test_resolve_web_config_ignores_a_half_present_default_cert PASSED [ 85%]
tests/unit/test_webapp_tls.py::test_resolve_web_config_explicit_paths_take_priority_over_auto_detected PASSED [ 85%]
tests/unit/test_webapp_tls.py::test_run_passes_ssl_kwargs_to_uvicorn_when_tls_configured PASSED [ 85%]
tests/unit/test_webapp_tls.py::test_run_omits_ssl_kwargs_when_no_tls_configured PASSED [ 85%]
tests/unit/test_webapp_tls.py::test_resolve_http_bootstrap_port_none_when_no_tls PASSED [ 85%]
tests/unit/test_webapp_tls.py::test_resolve_http_bootstrap_port_defaults_to_port_plus_one_when_tls_active PASSED [ 86%]
tests/unit/test_webapp_tls.py::test_resolve_http_bootstrap_port_uses_explicit_value_when_tls_active PASSED [ 86%]
tests/unit/test_webapp_tls.py::test_resolve_http_bootstrap_port_raises_on_collision_with_https_port PASSED [ 86%]
tests/unit/test_webapp_tls.py::test_resolve_web_config_no_trust_bootstrap_message_without_tls PASSED [ 86%]
tests/unit/test_webapp_tls.py::test_resolve_web_config_defaults_trust_bootstrap_port_when_tls_active PASSED [ 86%]
tests/unit/test_webapp_tls.py::test_resolve_web_config_uses_explicit_http_port_when_tls_active PASSED [ 86%]
tests/unit/test_webapp_tls.py::test_resolve_web_config_ignores_http_port_without_tls_but_notes_it PASSED [ 86%]
tests/unit/test_webapp_tls.py::test_resolve_web_config_raises_on_http_port_colliding_with_https_port PASSED [ 86%]
tests/unit/test_webapp_tls.py::test_run_starts_both_servers_when_http_port_is_set PASSED [ 86%]
tests/unit/test_webbrowse_render.py::test_item_row_links_directly_to_l2_and_strips_project_prefix PASSED [ 87%]
tests/unit/test_webbrowse_render.py::test_item_row_status_chip_differs_by_status PASSED [ 87%]
tests/unit/test_webbrowse_render.py::test_item_row_holder_shows_blocked_by_id_when_blocked PASSED [ 87%]
tests/unit/test_webbrowse_render.py::test_item_row_holder_absent_for_resolved_item_with_leftover_holder PASSED [ 87%]
tests/unit/test_webbrowse_render.py::test_item_row_shows_a_corrected_badge_when_the_item_carries_an_erratum PASSED [ 87%]
tests/unit/test_webbrowse_render.py::test_item_row_omits_the_corrected_badge_when_the_item_has_no_erratum PASSED [ 87%]
tests/unit/test_webbrowse_render.py::test_status_tabs_render_all_seven_with_real_counts PASSED [ 87%]
tests/unit/test_webbrowse_render.py::test_status_tabs_marks_the_active_one PASSED [ 87%]
tests/unit/test_webbrowse_render.py::test_status_tab_counts_zero_for_impaired_summary PASSED [ 87%]
tests/unit/test_webbrowse_render.py::test_agent_panel_groups_by_agent_stalest_first PASSED [ 87%]
tests/unit/test_webbrowse_render.py::test_ready_age_histogram_data_flags_the_7_plus_bucket PASSED [ 88%]
tests/unit/test_webbrowse_render.py::test_ready_age_histogram_omits_flag_note_when_nothing_aging PASSED [ 88%]
tests/unit/test_webpush.py::test_push_send_alarm_request_shape_and_headers PASSED [ 88%]
tests/unit/test_webpush.py::test_push_default_priority_is_urgent PASSED  [ 88%]
tests/unit/test_webpush.py::test_push_bearer_absent_when_no_token PASSED [ 88%]
tests/unit/test_webpush.py::test_push_utf8_body_is_encoded PASSED        [ 88%]
tests/unit/test_webpush.py::test_push_omits_tags_and_click_when_absent PASSED [ 88%]
tests/unit/test_webpush.py::test_push_disabled_channel_is_noop PASSED    [ 88%]
tests/unit/test_webpush.py::test_push_enabled_without_topic_raises_config_error PASSED [ 88%]
tests/unit/test_webpush.py::test_push_retries_on_5xx_then_succeeds PASSED [ 88%]
tests/unit/test_webpush.py::test_push_retries_on_429_then_succeeds PASSED [ 89%]
tests/unit/test_webpush.py::test_push_retries_on_network_error_then_succeeds PASSED [ 89%]
tests/unit/test_webpush.py::test_push_loud_fail_after_exhausting_retries PASSED [ 89%]
tests/unit/test_webpush.py::test_push_non_transient_4xx_fails_immediately_without_retry PASSED [ 89%]
tests/unit/test_webpush.py::test_push_loud_fail_on_persistent_network_error PASSED [ 89%]
tests/unit/test_webpush.py::test_push_max_attempts_one_does_not_retry PASSED [ 89%]
tests/unit/test_webpush.py::test_push_resolve_config_defaults_and_secrets_env_only PASSED [ 89%]
tests/unit/test_webpush.py::test_push_resolve_config_overrides_and_url_join PASSED [ 89%]
tests/unit/test_webpush.py::test_push_resolve_config_disabled_when_flag_absent_or_falsey PASSED [ 89%]
tests/unit/test_webpush.py::test_push_resolve_config_bad_numbers_fall_back_to_defaults PASSED [ 90%]
tests/unit/test_webpush.py::test_push_dashboard_link_none_without_base PASSED [ 90%]
tests/unit/test_webpush.py::test_push_reclaim_alarm_payload_carries_id_reason_and_urgent_tags PASSED [ 90%]
tests/unit/test_webpush.py::test_push_fires_on_custody_ttl_breach_simulated_item PASSED [ 90%]
tests/unit/test_webpush.py::test_push_does_not_fire_when_custody_is_fresh PASSED [ 90%]
tests/unit/test_webpush.py::test_push_fire_reclaim_alarm_disabled_is_noop PASSED [ 90%]
tests/unit/test_webpush.py::test_push_fire_reclaim_alarm_swallows_config_error PASSED [ 90%]
tests/unit/test_webpush.py::test_push_fire_reclaim_alarm_swallows_delivery_error PASSED [ 90%]
tests/unit/test_webtls.py::test_common_name_passes_short_hostname_through_unchanged PASSED [ 90%]
tests/unit/test_webtls.py::test_common_name_truncates_long_hostname_to_64_chars PASSED [ 90%]
tests/unit/test_webtls.py::test_common_name_truncation_is_exercised_by_a_real_cert PASSED [ 91%]
tests/unit/test_webtls.py::test_default_hostnames_includes_hostname_local_and_localhost PASSED [ 91%]
tests/unit/test_webtls.py::test_default_lan_ip_returns_a_valid_ipv4_or_none PASSED [ 91%]
tests/unit/test_webtls.py::test_default_tailnet_name_returns_none_when_tailscale_not_on_path PASSED [ 91%]
tests/unit/test_webtls.py::test_default_leaf_sans_includes_loopback_and_default_hostnames PASSED [ 91%]
tests/unit/test_webtls.py::test_default_leaf_sans_folds_in_tailnet_name_and_lan_ip_when_present PASSED [ 91%]
tests/unit/test_webtls.py::test_default_paths_live_under_config_amplifier_work_tracker_tls PASSED [ 91%]
tests/unit/test_webtls.py::test_default_tls_dir_is_created_with_restricted_permissions PASSED [ 91%]
tests/unit/test_webtls.py::test_generate_self_signed_writes_cert_and_key_with_restricted_key_perms PASSED [ 91%]
tests/unit/test_webtls.py::test_generate_self_signed_san_covers_hostname_local_localhost_loopback_and_lan_ip PASSED [ 91%]
tests/unit/test_webtls.py::test_generate_self_signed_deduplicates_loopback_ip_addresses PASSED [ 92%]
tests/unit/test_webtls.py::test_generate_self_signed_skips_invalid_ip_strings_silently PASSED [ 92%]
tests/unit/test_webtls.py::test_generate_local_ca_writes_ca_cert_and_key PASSED [ 92%]
tests/unit/test_webtls.py::test_generate_local_ca_is_idempotent_and_reuses_existing_ca PASSED [ 92%]
tests/unit/test_webtls.py::test_generate_leaf_signed_by_ca_produces_a_cert_chained_to_the_ca PASSED [ 92%]
tests/unit/test_webtls.py::test_generate_leaf_signed_by_ca_requires_at_least_one_hostname PASSED [ 92%]
tests/unit/test_webtls.py::test_get_cert_info_returns_none_for_missing_file PASSED [ 92%]
tests/unit/test_webtls.py::test_get_cert_info_returns_none_for_unparseable_file PASSED [ 92%]
tests/unit/test_webtls.py::test_get_cert_info_reports_expiry_and_serial PASSED [ 92%]
tests/unit/test_webtls.py::test_detect_tailscale_returns_none_when_binary_absent PASSED [ 92%]
tests/unit/test_webtls.py::test_generate_tailscale_returns_none_when_binary_absent PASSED [ 93%]
tests/unit/test_webtls.py::test_get_cert_info_reports_self_signed_true_for_a_self_signed_cert PASSED [ 93%]
tests/unit/test_webtls.py::test_get_cert_info_reports_self_signed_false_for_a_ca_signed_leaf PASSED [ 93%]
tests/unit/test_webtls.py::test_is_signed_by_ca_true_for_a_real_matching_chain PASSED [ 93%]
tests/unit/test_webtls.py::test_is_signed_by_ca_false_for_a_self_signed_cert_against_an_unrelated_ca PASSED [ 93%]
tests/unit/test_webtls.py::test_is_signed_by_ca_returns_false_never_raises_for_missing_files PASSED [ 93%]
tests/unit/test_webtrust.py::test_detect_os[Mozilla/5.0 (iPhone; CPU iPhone OS 17_0 like Mac OS X) AppleWebKit/605.1.15 (KHTML, like Gecko) Version/17.0 Mobile/15E148 Safari/604.1-ios] PASSED [ 93%]
tests/unit/test_webtrust.py::test_detect_os[Mozilla/5.0 (iPad; CPU OS 17_0 like Mac OS X) AppleWebKit/605.1.15 (KHTML, like Gecko) Version/17.0 Mobile/15E148 Safari/604.1-ios] PASSED [ 93%]
tests/unit/test_webtrust.py::test_detect_os[Mozilla/5.0 (Linux; Android 14; Pixel 8) AppleWebKit/537.36 (KHTML, like Gecko) Chrome/120.0.0.0 Mobile Safari/537.36-android] PASSED [ 93%]
tests/unit/test_webtrust.py::test_detect_os[Mozilla/5.0 (Windows NT 10.0; Win64; x64) AppleWebKit/537.36 (KHTML, like Gecko) Chrome/120.0.0.0 Safari/537.36-windows] PASSED [ 94%]
tests/unit/test_webtrust.py::test_detect_os[Mozilla/5.0 (Macintosh; Intel Mac OS X 10_15_7) AppleWebKit/605.1.15 (KHTML, like Gecko) Version/17.0 Safari/605.1.15-macos] PASSED [ 94%]
tests/unit/test_webtrust.py::test_detect_os[Mozilla/5.0 (X11; Linux x86_64) AppleWebKit/537.36 (KHTML, like Gecko) Chrome/120.0.0.0 Safari/537.36-linux] PASSED [ 94%]
tests/unit/test_webtrust.py::test_detect_os[-unknown] PASSED             [ 94%]
tests/unit/test_webtrust.py::test_detect_os[some-unrecognizable-bot/1.0-unknown] PASSED [ 94%]
tests/unit/test_webtrust.py::test_detect_os_checks_android_before_linux PASSED [ 94%]
tests/unit/test_webtrust.py::test_classify_trust_state_none_when_no_cert_path_given PASSED [ 94%]
tests/unit/test_webtrust.py::test_classify_trust_state_none_when_cert_file_missing PASSED [ 94%]
tests/unit/test_webtrust.py::test_classify_trust_state_selfsigned PASSED [ 94%]
tests/unit/test_webtrust.py::test_classify_trust_state_public_when_not_self_signed_and_no_ca PASSED [ 94%]
tests/unit/test_webtrust.py::test_classify_trust_state_ca PASSED         [ 95%]
tests/unit/test_webtrust.py::test_build_mobileconfig_produces_a_parseable_plist PASSED [ 95%]
tests/unit/test_webtrust.py::test_build_mobileconfig_carries_a_root_cert_payload_with_the_real_ca_bytes PASSED [ 95%]
tests/unit/test_webtrust.py::test_build_mobileconfig_is_idempotent_across_downloads PASSED [ 95%]
tests/unit/test_webtrust.py::test_build_mobileconfig_differs_for_a_different_ca PASSED [ 95%]
tests/unit/test_webtrust.py::test_trust_page_is_reachable_unauthenticated_over_plain_http PASSED [ 95%]
tests/unit/test_webtrust.py::test_trust_page_offers_install_profile_button_for_ios_ua PASSED [ 95%]
tests/unit/test_webtrust.py::test_trust_page_honest_about_selfsigned_no_ca_to_install PASSED [ 95%]
tests/unit/test_webtrust.py::test_trust_page_honest_about_no_cert_configured PASSED [ 95%]
tests/unit/test_webtrust.py::test_trust_page_continue_link_points_at_https_origin PASSED [ 95%]
tests/unit/test_webtrust.py::test_ca_crt_download_unauthenticated_when_ca_active PASSED [ 96%]
tests/unit/test_webtrust.py::test_ca_crt_404_honest_when_no_ca PASSED    [ 96%]
tests/unit/test_webtrust.py::test_ca_crt_404_when_no_cert_at_all PASSED  [ 96%]
tests/unit/test_webtrust.py::test_trust_mobileconfig_download_unauthenticated_when_ca_active PASSED [ 96%]
tests/unit/test_webtrust.py::test_trust_mobileconfig_404_honest_when_no_ca PASSED [ 96%]
tests/unit/test_webtrust.py::test_redirect_for_arbitrary_path_to_https_origin PASSED [ 96%]
tests/unit/test_webtrust.py::test_redirect_preserves_query_string PASSED [ 96%]
tests/unit/test_webtrust.py::test_redirect_for_bare_root PASSED          [ 96%]
tests/unit/test_webtrust.py::test_redirect_never_fires_for_the_three_trust_routes PASSED [ 96%]
tests/unit/test_widgets_contract.py::test_register_and_get_roundtrip PASSED [ 97%]
tests/unit/test_widgets_contract.py::test_register_duplicate_id_fails_loud PASSED [ 97%]
tests/unit/test_widgets_contract.py::test_get_unknown_id_names_known_ids PASSED [ 97%]
tests/unit/test_widgets_contract.py::test_registry_preserves_registration_order PASSED [ 97%]
tests/unit/test_widgets_contract.py::test_render_passes_context_and_returns_fragment PASSED [ 97%]
tests/unit/test_widgets_contract.py::test_firewall_flags_raw_colour_and_gloss[<i style="background:#ff0000"></i>] PASSED [ 97%]
tests/unit/test_widgets_contract.py::test_firewall_flags_raw_colour_and_gloss[<i style="background:#abc"></i>] PASSED [ 97%]
tests/unit/test_widgets_contract.py::test_firewall_flags_raw_colour_and_gloss[<i style="color:rgba(1,2,3,.5)"></i>] PASSED [ 97%]
tests/unit/test_widgets_contract.py::test_firewall_flags_raw_colour_and_gloss[<i style="color:hsl(1,2%,3%)"></i>] PASSED [ 97%]
tests/unit/test_widgets_contract.py::test_firewall_flags_raw_colour_and_gloss[<i style="background:var(--glass-fill)"></i>] PASSED [ 97%]
tests/unit/test_widgets_contract.py::test_firewall_flags_raw_colour_and_gloss[<i style="background:linear-gradient(var(--amber),var(--crimson))"></i>] PASSED [ 98%]
tests/unit/test_widgets_contract.py::test_firewall_flags_raw_colour_and_gloss[<i style="background:var(--brand-gradient-rim)"></i>] PASSED [ 98%]
tests/unit/test_widgets_contract.py::test_firewall_flags_raw_colour_and_gloss[<i style="backdrop-filter:blur(4px)"></i>] PASSED [ 98%]
tests/unit/test_widgets_contract.py::test_firewall_flags_raw_colour_and_gloss[<i style="filter:blur(2px)"></i>] PASSED [ 98%]
tests/unit/test_widgets_contract.py::test_firewall_passes_token_only_and_avoids_false_positives[<i style="flex:2 1 0;background:var(--amber);min-width:16px"></i>] PASSED [ 98%]
tests/unit/test_widgets_contract.py::test_firewall_passes_token_only_and_avoids_false_positives[<span style="color:var(--crimson)">x</span>] PASSED [ 98%]
tests/unit/test_widgets_contract.py::test_firewall_passes_token_only_and_avoids_false_positives[<i style="background:var(--st-ready)"></i>] PASSED [ 98%]
tests/unit/test_widgets_contract.py::test_firewall_passes_token_only_and_avoids_false_positives[a &#8217; b &middot; c] PASSED [ 98%]
tests/unit/test_widgets_contract.py::test_firewall_passes_token_only_and_avoids_false_positives[<a href="/projects/x#top">y</a>] PASSED [ 98%]
tests/unit/test_widgets_contract.py::test_firewall_passes_token_only_and_avoids_false_positives[<div class="thru"><span class="tn">4</span></div>] PASSED [ 98%]
tests/unit/test_widgets_contract.py::test_render_enforce_raises_on_violation PASSED [ 99%]
tests/unit/test_widgets_contract.py::test_dashboard_registry_has_the_five_v2_panels PASSED [ 99%]
tests/unit/test_widgets_contract.py::test_dashboard_widget_needs_are_real_context_fields PASSED [ 99%]
tests/unit/test_widgets_contract.py::test_every_dashboard_widget_obeys_the_firewall_when_populated PASSED [ 99%]
tests/unit/test_widgets_contract.py::test_every_dashboard_widget_obeys_the_firewall_when_empty PASSED [ 99%]
tests/unit/test_widgets_contract.py::test_routed_output_is_byte_identical_to_inline_builder[empty] PASSED [ 99%]
tests/unit/test_widgets_contract.py::test_routed_output_is_byte_identical_to_inline_builder[populated] PASSED [ 99%]
tests/unit/test_workspace_remove.py::test_remove_without_force_refuses_before_touching_disk PASSED [ 99%]
tests/unit/test_workspace_remove.py::test_remove_with_force_false_explicitly_still_refuses PASSED [ 99%]
tests/unit/test_workspace_remove.py::test_remove_rejects_invalid_name_before_touching_disk PASSED [100%]

=============================== warnings summary ===============================
tests/unit/test_webapp_setup.py:29
  /home/bkrabach/dev/hw-model-performance/lanes/c0e-ccv1-023-ledger-note/amplifier-work-tracker/tests/unit/test_webapp_setup.py:29: StarletteDeprecationWarning: Using `httpx` with `starlette.testclient` is deprecated; install `httpx2` instead.
    from starlette.testclient import TestClient  # noqa: E402

.venv/lib/python3.12/site-packages/starlette/testclient.py:53
  /home/bkrabach/dev/hw-model-performance/lanes/c0e-ccv1-023-ledger-note/amplifier-work-tracker/.venv/lib/python3.12/site-packages/starlette/testclient.py:53: DeprecationWarning: The anyio.abc.BlockingPortal alias is deprecated, use anyio.from_thread.BlockingPortal instead.
    _PortalFactoryType = Callable[[], AbstractContextManager[anyio.abc.BlockingPortal]]

-- Docs: https://docs.pytest.org/en/stable/how-to/capture-warnings.html
======================= 970 passed, 2 warnings in 41.76s =======================
