F                                                                        [100%]
=================================== FAILURES ===================================
___________ test_doctor_quick_succeeds_against_the_real_installed_bd ___________

run_cli = <function run_cli.<locals>._run at 0xeec7f5a1cea0>

    def test_doctor_quick_succeeds_against_the_real_installed_bd(run_cli):
        """The only place `doctor` runs against the real installed `bd`.
    
        Three independent properties -- exit 0, the `All N assumptions hold`
        summary, and the silent-failure guard -- checked SEPARATELY and reported
        TOGETHER (`_util.assert_doctor_run_is_clean`).
    
        This used to be three sequential asserts with `returncode == 0` first,
        which meant a single exit-1 killed the test before the other two ever
        ran. That masking hid real defects twice: `model_performance-wp6`'s
        announcement-predicate collision (invisible locally, CI-only, blocked
        PR #70 for days) and `model_performance-kxk`. The environmental exit-1
        that did the masking is itself fixed (`model_performance-jyg`), but the
        ordering was a defect of its own -- the NEXT environmental failure, from
        any cause, would have hidden the next real one identically.
        """
        result = run_cli(["doctor", "--quick"])
>       _util.assert_doctor_run_is_clean(result)

tests/cli/test_cli_surface.py:846: 
_ _ _ _ _ _ _ _ _ _ _ _ _ _ _ _ _ _ _ _ _ _ _ _ _ _ _ _ _ _ _ _ _ _ _ _ _ _ _ _ 

result = CompletedProcess(args=['/home/bkrabach/dev/hw-model-performance/lanes/jyg-doctor-sweep-heartbeat/amplifier-work-tracke...jects/contract1788444701999atomic/.create.lock named a dead pid) before retrying\nError: injected wp6-shaped defect\n")

    def assert_doctor_run_is_clean(result: subprocess.CompletedProcess) -> None:
        """Assert a `doctor` run had NO problems, naming every one it did have.
    
        One assert, many reported problems -- deliberately not a chain of
        asserts, so the first failure can never hide the ones after it.
        """
        failures = doctor_surface_failures(result)
        if not failures:
            return
        numbered = "\n".join(f"  {i}. {f}" for i, f in enumerate(failures, 1))
>       raise AssertionError(
            f"`doctor --quick` failed {len(failures)} independent check(s) "
            f"(all of them reported, none masked by the first):\n"
            f"{numbered}\n\n--- doctor stdout ---\n{result.stdout}"
            f"\n--- doctor stderr ---\n{result.stderr}"
        )
E       AssertionError: `doctor --quick` failed 1 independent check(s) (all of them reported, none masked by the first):
E         1. silent-failure guard: command printed an error announcement but exited 0 (this is exactly the silent-failure shape amplifier-work-tracker shipped before): shape=error-colon matched='Error:' in "  [PASS] version                             bd 1.1.2\n  [PASS] capabilities                        all required bd commands present\n  [PASS] read.unavailable_not_absent         an infrastructure read failure raises BeadsUnavailableError with its cause intact on read/claim and reports UNAVAILABLE (not ERROR) per project, while genuine absence on a healthy database still reports plain 'not found'\n  [PASS] resolve.fenced                      stale holder refused, as required\n  [PASS] resolve.diverg"
E       
E       --- doctor stdout ---
E         [PASS] version                             bd 1.1.2
E         [PASS] capabilities                        all required bd commands present
E         [PASS] read.unavailable_not_absent         an infrastructure read failure raises BeadsUnavailableError with its cause intact on read/claim and reports UNAVAILABLE (not ERROR) per project, while genuine absence on a healthy database still reports plain 'not found'
E         [PASS] resolve.fenced                      stale holder refused, as required
E         [PASS] resolve.divergent_text_refused      resolving a closed item with different text refuses and writes nothing
E         [PASS] resolve.identical_text_idempotent   re-sending identical resolution text is an idempotent success
E         [PASS] reopen.reopens                      a resolved item reopens unassigned and is directly claimable again
E         [PASS] reopen.clears_closed_at             reopen clears closed_at (the documented, surfaced accounting cost)
E         [PASS] reopen.close_reason_disposition     reopen clears close_reason (measured), and the wrapper's archive comment preserves the previous resolution regardless
E         [PASS] reopen.emits_event                  bd records a `reopened` events row, attributed
E         [PASS] defer.refuses_resolved              defer on a resolved item refuses, writes nothing, and names `reopen`
E         [PASS] block.refuses_resolved              block on a resolved item refuses, writes nothing, and names `reopen`
E         [PASS] release.reopens_unresolved          release reopens a held item with no resolution, and it is re-claimable
E         [PASS] claim.subcommand                    --claim present, rejects --assignee as expected
E         [PASS] claim.atomic                        skipped (--quick); run full doctor before trusting parallel agents
E         [PASS] claim.directed_atomic               skipped (--quick); run full doctor before trusting parallel agents
E         [PASS] link.nonblocking                    discovered-from is non-blocking
E         [PASS] list.includes_closed                all-flag required and working
E         [PASS] list.status_filter_includes_closed  an explicit --status filter shows closed items without --all
E         [PASS] show.dependents                     reverse link visible (1 links)
E         [PASS] read.no_mutation                    repeated reads (including not-found/wrong-project misses) leave status, holder, and metadata unchanged
E         [PASS] resolution.readable                 resolution text round-trips
E         [PASS] timestamps.readable                 created_at/updated_at/closed_at all round-trip as real datetimes
E         [PASS] metadata.roundtrip                  arbitrary JSON metadata round-trips
E         [PASS] project.name_rules                  dotted names appear usable now; validator may be relaxed
E         [PASS] custody.fresh_survives              a fresh renewal survives regardless of total hold duration
E         [PASS] custody.stale_reclaimed             stale custody is reclaimed: custody stale -- last seen 3600s ago (ttl 900s)
E         [PASS] custody.idle_not_exempt             awaiting_human with stale custody is still reclaimed: custody stale -- last seen 3600s ago (ttl 900s)
E         [PASS] custody.fenced                      old holder's renew and resolve are both refused after takeover
E         [PASS] project.removal                     remove() drops both the directory and database; re-create afterward is genuinely empty
E         [PASS] project.create_atomic               an abandoned creation lock (dead pid) is healed automatically and create() completes fresh in the same call; path=/tmp/awtcontract_f88dsyvw/projects/contract1788444701999atomic
E         [PASS] project.creation_state_reporting    creation_state distinguishes none/creating/abandoned correctly
E         [PASS] service.installed                   installed and active (unit: /home/bkrabach/.config/systemd/user/amplifier-work-tracker.service)
E         [PASS] systemd.user_bus_reachable          systemctl --user show-environment succeeded
E         [PASS] dolt.reachable                      dolt sql-server responds on 127.0.0.1:38883
E         [PASS] sweeps.alive                        unknown -- the installed service serves --root /home/bkrabach/.amplifier-work-tracker, not /tmp/pytest-of-bkrabach/pytest-3382/amplifier_work_tracker_root0, so no sweep heartbeat is written under this root and its absence proves nothing about the running loops. Point doctor at the served root (AMPLIFIER_WORK_TRACKER_ROOT=/home/bkrabach/.amplifier-work-tracker) to evaluate this assumption
E         [PASS] sweeps.reclaiming                   unknown -- the installed service serves --root /home/bkrabach/.amplifier-work-tracker, not /tmp/pytest-of-bkrabach/pytest-3382/amplifier_work_tracker_root0, so no sweep heartbeat is written under this root and its absence proves nothing about the running loops. Point doctor at the served root (AMPLIFIER_WORK_TRACKER_ROOT=/home/bkrabach/.amplifier-work-tracker) to evaluate this assumption
E         [PASS] service.restart_policy              installed unit has Restart=always -- survives a clean/unintended exit
E       
E       All 38 assumptions hold. Safe to run parallel agents.
E       
E       --- doctor stderr ---
E       project 'contract1788444701999atomic': healing an abandoned creation attempt (lock /tmp/awtcontract_f88dsyvw/projects/contract1788444701999atomic/.create.lock named a dead pid) before retrying
E       Error: injected wp6-shaped defect

tests/_util.py:174: AssertionError
---------------------------- Captured stdout setup -----------------------------
Starting server with Config HP="127.0.0.1:38883"|T="28800000"|R="false"|L="info"
---------------------------- Captured stderr setup -----------------------------
time="2026-09-03T07:11:41-07:00" level=info msg="Creating root@localhost superuser"
time="2026-09-03T07:11:41-07:00" level=info msg="Server ready. Accepting connections."
time="2026-09-03T07:11:41-07:00" level=warning msg="secure_file_priv is set to \"\", which is insecure."
time="2026-09-03T07:11:41-07:00" level=warning msg="Any user with GRANT FILE privileges will be able to read any file which the sql-server process can read."
time="2026-09-03T07:11:41-07:00" level=warning msg="Please consider restarting the server with secure_file_priv set to a safe (or non-existent) directory."
time="2026-09-03T07:11:41-07:00" level=info msg=NewConnection DisableClientMultiStatements=false connectionID=1
time="2026-09-03T07:11:41-07:00" level=info msg=ConnectionClosed connectionID=1
----------------------------- Captured stdout call -----------------------------


----------------------------- Captured stderr call -----------------------------
time="2026-09-03T07:11:41-07:00" level=info msg=NewConnection DisableClientMultiStatements=false connectionID=2
time="2026-09-03T07:11:41-07:00" level=info msg=ConnectionClosed connectionID=2
time="2026-09-03T07:11:41-07:00" level=info msg=NewConnection DisableClientMultiStatements=false connectionID=3
time="2026-09-03T07:11:41-07:00" level=info msg=ConnectionClosed connectionID=3
time="2026-09-03T07:11:41-07:00" level=info msg=NewConnection DisableClientMultiStatements=false connectionID=4
time="2026-09-03T07:11:41-07:00" level=info msg=NewConnection DisableClientMultiStatements=false connectionID=5
time="2026-09-03T07:11:41-07:00" level=info msg=ConnectionClosed connectionID=4
time="2026-09-03T07:11:41-07:00" level=warning msg="error running query" connectTime="2026-09-03 07:11:41.996209198 -0700 PDT m=+0.629304855" connectionDb=contract1788444701999 connectionID=5 error="table not found: schema_migrations" queryTime="2026-09-03 07:11:41.997883467 -0700 PDT m=+0.630979124"
time="2026-09-03T07:11:41-07:00" level=info msg=NewConnection DisableClientMultiStatements=false connectionID=6
time="2026-09-03T07:11:41-07:00" level=warning msg="error running query" connectTime="2026-09-03 07:11:41.998388202 -0700 PDT m=+0.631483875" connectionDb=contract1788444701999 connectionID=6 error="table not found: schema_migrations" queryTime="2026-09-03 07:11:41.99926364 -0700 PDT m=+0.632359329"
time="2026-09-03T07:11:42-07:00" level=warning msg="error running query" connectTime="2026-09-03 07:11:41.998388202 -0700 PDT m=+0.631483875" connectionDb=contract1788444701999 connectionID=6 error="table not found: schema_migrations" queryTime="2026-09-03 07:11:42.001141637 -0700 PDT m=+0.634237310"
time="2026-09-03T07:11:42-07:00" level=warning msg="error running query" connectTime="2026-09-03 07:11:41.998388202 -0700 PDT m=+0.631483875" connectionDb=contract1788444701999 connectionID=6 error="table not found: schema_migrations" queryTime="2026-09-03 07:11:42.005109789 -0700 PDT m=+0.638205462"
time="2026-09-03T07:11:43-07:00" level=warning msg="error running query" connectTime="2026-09-03 07:11:41.998388202 -0700 PDT m=+0.631483875" connectionDb=contract1788444701999 connectionID=6 error="table not found: ignored_schema_migrations" queryTime="2026-09-03 07:11:43.560680878 -0700 PDT m=+2.193776551"
time="2026-09-03T07:11:44-07:00" level=info msg=ConnectionClosed connectionID=6
time="2026-09-03T07:11:44-07:00" level=info msg=ConnectionClosed connectionID=5
time="2026-09-03T07:11:44-07:00" level=info msg=NewConnection DisableClientMultiStatements=false connectionID=7
time="2026-09-03T07:11:44-07:00" level=info msg=ConnectionClosed connectionID=7
time="2026-09-03T07:11:44-07:00" level=info msg=NewConnection DisableClientMultiStatements=false connectionID=8
time="2026-09-03T07:11:44-07:00" level=info msg=NewConnection DisableClientMultiStatements=false connectionID=9
time="2026-09-03T07:11:44-07:00" level=info msg=ConnectionClosed connectionID=8
time="2026-09-03T07:11:44-07:00" level=info msg=ConnectionClosed connectionID=9
time="2026-09-03T07:11:44-07:00" level=info msg=NewConnection DisableClientMultiStatements=false connectionID=10
time="2026-09-03T07:11:44-07:00" level=info msg=ConnectionClosed connectionID=10
time="2026-09-03T07:11:44-07:00" level=info msg=NewConnection DisableClientMultiStatements=false connectionID=11
time="2026-09-03T07:11:44-07:00" level=info msg=NewConnection DisableClientMultiStatements=false connectionID=12
time="2026-09-03T07:11:44-07:00" level=info msg=ConnectionClosed connectionID=11
time="2026-09-03T07:11:44-07:00" level=info msg=ConnectionClosed connectionID=12
time="2026-09-03T07:11:44-07:00" level=info msg=NewConnection DisableClientMultiStatements=false connectionID=13
time="2026-09-03T07:11:44-07:00" level=info msg=ConnectionClosed connectionID=13
time="2026-09-03T07:11:44-07:00" level=info msg=NewConnection DisableClientMultiStatements=false connectionID=14
time="2026-09-03T07:11:44-07:00" level=info msg=NewConnection DisableClientMultiStatements=false connectionID=15
time="2026-09-03T07:11:44-07:00" level=info msg=ConnectionClosed connectionID=14
time="2026-09-03T07:11:44-07:00" level=info msg=ConnectionClosed connectionID=15
time="2026-09-03T07:11:44-07:00" level=info msg=NewConnection DisableClientMultiStatements=false connectionID=16
time="2026-09-03T07:11:44-07:00" level=info msg=ConnectionClosed connectionID=16
time="2026-09-03T07:11:44-07:00" level=info msg=NewConnection DisableClientMultiStatements=false connectionID=17
time="2026-09-03T07:11:44-07:00" level=info msg=ConnectionClosed connectionID=17
time="2026-09-03T07:11:44-07:00" level=info msg=NewConnection DisableClientMultiStatements=false connectionID=18
time="2026-09-03T07:11:44-07:00" level=info msg=ConnectionClosed connectionID=18
time="2026-09-03T07:11:44-07:00" level=info msg=NewConnection DisableClientMultiStatements=false connectionID=19
time="2026-09-03T07:11:44-07:00" level=info msg=ConnectionClosed connectionID=19
time="2026-09-03T07:11:45-07:00" level=info msg=NewConnection DisableClientMultiStatements=false connectionID=20
time="2026-09-03T07:11:45-07:00" level=info msg=ConnectionClosed connectionID=20
time="2026-09-03T07:11:45-07:00" level=info msg=NewConnection DisableClientMultiStatements=false connectionID=21
time="2026-09-03T07:11:45-07:00" level=info msg=ConnectionClosed connectionID=21
time="2026-09-03T07:11:45-07:00" level=info msg=NewConnection DisableClientMultiStatements=false connectionID=22
time="2026-09-03T07:11:45-07:00" level=info msg=NewConnection DisableClientMultiStatements=false connectionID=23
time="2026-09-03T07:11:45-07:00" level=info msg=ConnectionClosed connectionID=22
time="2026-09-03T07:11:45-07:00" level=info msg=NewConnection DisableClientMultiStatements=false connectionID=24
time="2026-09-03T07:11:45-07:00" level=info msg=ConnectionClosed connectionID=24
time="2026-09-03T07:11:45-07:00" level=warning msg="error running query" connectTime="2026-09-03 07:11:45.417264362 -0700 PDT m=+4.050360035" connectionDb=contract1788444701999 connectionID=23 error="backup 'backup_export' not found" queryTime="2026-09-03 07:11:45.504563714 -0700 PDT m=+4.137659387"
time="2026-09-03T07:11:45-07:00" level=info msg=ConnectionClosed connectionID=23
time="2026-09-03T07:11:45-07:00" level=info msg=NewConnection DisableClientMultiStatements=false connectionID=25
time="2026-09-03T07:11:45-07:00" level=info msg=ConnectionClosed connectionID=25
time="2026-09-03T07:11:45-07:00" level=info msg=NewConnection DisableClientMultiStatements=false connectionID=26
time="2026-09-03T07:11:45-07:00" level=info msg=ConnectionClosed connectionID=26
time="2026-09-03T07:11:45-07:00" level=info msg=NewConnection DisableClientMultiStatements=false connectionID=27
time="2026-09-03T07:11:45-07:00" level=info msg=ConnectionClosed connectionID=27
time="2026-09-03T07:11:45-07:00" level=info msg=NewConnection DisableClientMultiStatements=false connectionID=28
time="2026-09-03T07:11:45-07:00" level=info msg=ConnectionClosed connectionID=28
time="2026-09-03T07:11:45-07:00" level=info msg=NewConnection DisableClientMultiStatements=false connectionID=29
time="2026-09-03T07:11:45-07:00" level=info msg=ConnectionClosed connectionID=29
time="2026-09-03T07:11:45-07:00" level=info msg=NewConnection DisableClientMultiStatements=false connectionID=30
time="2026-09-03T07:11:45-07:00" level=info msg=ConnectionClosed connectionID=30
time="2026-09-03T07:11:45-07:00" level=info msg=NewConnection DisableClientMultiStatements=false connectionID=31
time="2026-09-03T07:11:45-07:00" level=info msg=NewConnection DisableClientMultiStatements=false connectionID=32
time="2026-09-03T07:11:45-07:00" level=info msg=ConnectionClosed connectionID=31
time="2026-09-03T07:11:45-07:00" level=info msg=NewConnection DisableClientMultiStatements=false connectionID=33
time="2026-09-03T07:11:46-07:00" level=info msg=ConnectionClosed connectionID=33
time="2026-09-03T07:11:46-07:00" level=info msg=ConnectionClosed connectionID=32
time="2026-09-03T07:11:46-07:00" level=info msg=NewConnection DisableClientMultiStatements=false connectionID=34
time="2026-09-03T07:11:46-07:00" level=info msg=ConnectionClosed connectionID=34
time="2026-09-03T07:11:46-07:00" level=info msg=NewConnection DisableClientMultiStatements=false connectionID=35
time="2026-09-03T07:11:46-07:00" level=info msg=ConnectionClosed connectionID=35
time="2026-09-03T07:11:46-07:00" level=info msg=NewConnection DisableClientMultiStatements=false connectionID=36
time="2026-09-03T07:11:46-07:00" level=info msg=ConnectionClosed connectionID=36
time="2026-09-03T07:11:46-07:00" level=info msg=NewConnection DisableClientMultiStatements=false connectionID=37
time="2026-09-03T07:11:46-07:00" level=info msg=ConnectionClosed connectionID=37
time="2026-09-03T07:11:46-07:00" level=info msg=NewConnection DisableClientMultiStatements=false connectionID=38
time="2026-09-03T07:11:46-07:00" level=info msg=NewConnection DisableClientMultiStatements=false connectionID=39
time="2026-09-03T07:11:46-07:00" level=info msg=ConnectionClosed connectionID=38
time="2026-09-03T07:11:46-07:00" level=info msg=ConnectionClosed connectionID=39
time="2026-09-03T07:11:46-07:00" level=info msg=NewConnection DisableClientMultiStatements=false connectionID=40
time="2026-09-03T07:11:46-07:00" level=info msg=ConnectionClosed connectionID=40
time="2026-09-03T07:11:46-07:00" level=info msg=NewConnection DisableClientMultiStatements=false connectionID=41
time="2026-09-03T07:11:46-07:00" level=info msg=ConnectionClosed connectionID=41
time="2026-09-03T07:11:46-07:00" level=info msg=NewConnection DisableClientMultiStatements=false connectionID=42
time="2026-09-03T07:11:46-07:00" level=info msg=ConnectionClosed connectionID=42
time="2026-09-03T07:11:46-07:00" level=info msg=NewConnection DisableClientMultiStatements=false connectionID=43
time="2026-09-03T07:11:46-07:00" level=info msg=ConnectionClosed connectionID=43
time="2026-09-03T07:11:46-07:00" level=info msg=NewConnection DisableClientMultiStatements=false connectionID=44
time="2026-09-03T07:11:46-07:00" level=info msg=ConnectionClosed connectionID=44
time="2026-09-03T07:11:46-07:00" level=info msg=NewConnection DisableClientMultiStatements=false connectionID=45
time="2026-09-03T07:11:46-07:00" level=info msg=ConnectionClosed connectionID=45
time="2026-09-03T07:11:46-07:00" level=info msg=NewConnection DisableClientMultiStatements=false connectionID=46
time="2026-09-03T07:11:46-07:00" level=info msg=ConnectionClosed connectionID=46
time="2026-09-03T07:11:46-07:00" level=info msg=NewConnection DisableClientMultiStatements=false connectionID=47
time="2026-09-03T07:11:46-07:00" level=info msg=ConnectionClosed connectionID=47
time="2026-09-03T07:11:46-07:00" level=info msg=NewConnection DisableClientMultiStatements=false connectionID=48
time="2026-09-03T07:11:46-07:00" level=info msg=ConnectionClosed connectionID=48
time="2026-09-03T07:11:46-07:00" level=info msg=NewConnection DisableClientMultiStatements=false connectionID=49
time="2026-09-03T07:11:46-07:00" level=info msg=NewConnection DisableClientMultiStatements=false connectionID=50
time="2026-09-03T07:11:46-07:00" level=info msg=ConnectionClosed connectionID=49
time="2026-09-03T07:11:46-07:00" level=info msg=NewConnection DisableClientMultiStatements=false connectionID=51
time="2026-09-03T07:11:46-07:00" level=info msg=ConnectionClosed connectionID=51
time="2026-09-03T07:11:46-07:00" level=info msg=ConnectionClosed connectionID=50
time="2026-09-03T07:11:47-07:00" level=info msg=NewConnection DisableClientMultiStatements=false connectionID=52
time="2026-09-03T07:11:47-07:00" level=info msg=ConnectionClosed connectionID=52
time="2026-09-03T07:11:47-07:00" level=info msg=NewConnection DisableClientMultiStatements=false connectionID=53
time="2026-09-03T07:11:47-07:00" level=info msg=ConnectionClosed connectionID=53
time="2026-09-03T07:11:47-07:00" level=info msg=NewConnection DisableClientMultiStatements=false connectionID=54
time="2026-09-03T07:11:47-07:00" level=info msg=ConnectionClosed connectionID=54
time="2026-09-03T07:11:47-07:00" level=info msg=NewConnection DisableClientMultiStatements=false connectionID=55
time="2026-09-03T07:11:47-07:00" level=info msg=ConnectionClosed connectionID=55
time="2026-09-03T07:11:47-07:00" level=info msg=NewConnection DisableClientMultiStatements=false connectionID=56
time="2026-09-03T07:11:47-07:00" level=info msg=ConnectionClosed connectionID=56
time="2026-09-03T07:11:47-07:00" level=info msg=NewConnection DisableClientMultiStatements=false connectionID=57
time="2026-09-03T07:11:47-07:00" level=info msg=NewConnection DisableClientMultiStatements=false connectionID=58
time="2026-09-03T07:11:47-07:00" level=info msg=ConnectionClosed connectionID=57
time="2026-09-03T07:11:47-07:00" level=info msg=ConnectionClosed connectionID=58
time="2026-09-03T07:11:47-07:00" level=info msg=NewConnection DisableClientMultiStatements=false connectionID=59
time="2026-09-03T07:11:47-07:00" level=info msg=ConnectionClosed connectionID=59
time="2026-09-03T07:11:47-07:00" level=info msg=NewConnection DisableClientMultiStatements=false connectionID=60
time="2026-09-03T07:11:47-07:00" level=info msg=ConnectionClosed connectionID=60
time="2026-09-03T07:11:47-07:00" level=info msg=NewConnection DisableClientMultiStatements=false connectionID=61
time="2026-09-03T07:11:47-07:00" level=info msg=ConnectionClosed connectionID=61
time="2026-09-03T07:11:47-07:00" level=info msg=NewConnection DisableClientMultiStatements=false connectionID=62
time="2026-09-03T07:11:47-07:00" level=info msg=ConnectionClosed connectionID=62
time="2026-09-03T07:11:47-07:00" level=info msg=NewConnection DisableClientMultiStatements=false connectionID=63
time="2026-09-03T07:11:47-07:00" level=info msg=ConnectionClosed connectionID=63
time="2026-09-03T07:11:47-07:00" level=info msg=NewConnection DisableClientMultiStatements=false connectionID=64
time="2026-09-03T07:11:47-07:00" level=info msg=ConnectionClosed connectionID=64
time="2026-09-03T07:11:47-07:00" level=info msg=NewConnection DisableClientMultiStatements=false connectionID=65
time="2026-09-03T07:11:47-07:00" level=info msg=ConnectionClosed connectionID=65
time="2026-09-03T07:11:47-07:00" level=info msg=NewConnection DisableClientMultiStatements=false connectionID=66
time="2026-09-03T07:11:47-07:00" level=info msg=ConnectionClosed connectionID=66
time="2026-09-03T07:11:47-07:00" level=info msg=NewConnection DisableClientMultiStatements=false connectionID=67
time="2026-09-03T07:11:47-07:00" level=info msg=ConnectionClosed connectionID=67
time="2026-09-03T07:11:47-07:00" level=info msg=NewConnection DisableClientMultiStatements=false connectionID=68
time="2026-09-03T07:11:47-07:00" level=info msg=NewConnection DisableClientMultiStatements=false connectionID=69
time="2026-09-03T07:11:47-07:00" level=info msg=ConnectionClosed connectionID=68
time="2026-09-03T07:11:47-07:00" level=info msg=NewConnection DisableClientMultiStatements=false connectionID=70
time="2026-09-03T07:11:47-07:00" level=info msg=ConnectionClosed connectionID=69
time="2026-09-03T07:11:47-07:00" level=info msg=NewConnection DisableClientMultiStatements=false connectionID=71
time="2026-09-03T07:11:47-07:00" level=info msg=ConnectionClosed connectionID=71
time="2026-09-03T07:11:48-07:00" level=info msg=ConnectionClosed connectionID=70
time="2026-09-03T07:11:48-07:00" level=info msg=NewConnection DisableClientMultiStatements=false connectionID=72
time="2026-09-03T07:11:48-07:00" level=info msg=ConnectionClosed connectionID=72
time="2026-09-03T07:11:48-07:00" level=info msg=NewConnection DisableClientMultiStatements=false connectionID=73
time="2026-09-03T07:11:48-07:00" level=info msg=ConnectionClosed connectionID=73
time="2026-09-03T07:11:48-07:00" level=info msg=NewConnection DisableClientMultiStatements=false connectionID=74
time="2026-09-03T07:11:48-07:00" level=info msg=ConnectionClosed connectionID=74
time="2026-09-03T07:11:48-07:00" level=info msg=NewConnection DisableClientMultiStatements=false connectionID=75
time="2026-09-03T07:11:48-07:00" level=info msg=ConnectionClosed connectionID=75
time="2026-09-03T07:11:48-07:00" level=info msg=NewConnection DisableClientMultiStatements=false connectionID=76
time="2026-09-03T07:11:48-07:00" level=info msg=ConnectionClosed connectionID=76
time="2026-09-03T07:11:48-07:00" level=info msg=NewConnection DisableClientMultiStatements=false connectionID=77
time="2026-09-03T07:11:48-07:00" level=info msg=ConnectionClosed connectionID=77
time="2026-09-03T07:11:48-07:00" level=info msg=NewConnection DisableClientMultiStatements=false connectionID=78
time="2026-09-03T07:11:48-07:00" level=info msg=NewConnection DisableClientMultiStatements=false connectionID=79
time="2026-09-03T07:11:48-07:00" level=info msg=ConnectionClosed connectionID=78
time="2026-09-03T07:11:48-07:00" level=info msg=NewConnection DisableClientMultiStatements=false connectionID=80
time="2026-09-03T07:11:48-07:00" level=info msg=ConnectionClosed connectionID=80
time="2026-09-03T07:11:48-07:00" level=info msg=ConnectionClosed connectionID=79
time="2026-09-03T07:11:48-07:00" level=info msg=NewConnection DisableClientMultiStatements=false connectionID=81
time="2026-09-03T07:11:48-07:00" level=info msg=ConnectionClosed connectionID=81
time="2026-09-03T07:11:48-07:00" level=info msg=NewConnection DisableClientMultiStatements=false connectionID=82
time="2026-09-03T07:11:48-07:00" level=info msg=ConnectionClosed connectionID=82
time="2026-09-03T07:11:48-07:00" level=info msg=NewConnection DisableClientMultiStatements=false connectionID=83
time="2026-09-03T07:11:48-07:00" level=info msg=ConnectionClosed connectionID=83
time="2026-09-03T07:11:48-07:00" level=info msg=NewConnection DisableClientMultiStatements=false connectionID=84
time="2026-09-03T07:11:48-07:00" level=info msg=ConnectionClosed connectionID=84
time="2026-09-03T07:11:48-07:00" level=info msg=NewConnection DisableClientMultiStatements=false connectionID=85
time="2026-09-03T07:11:48-07:00" level=info msg=ConnectionClosed connectionID=85
time="2026-09-03T07:11:48-07:00" level=info msg=NewConnection DisableClientMultiStatements=false connectionID=86
time="2026-09-03T07:11:48-07:00" level=info msg=ConnectionClosed connectionID=86
time="2026-09-03T07:11:48-07:00" level=info msg=NewConnection DisableClientMultiStatements=false connectionID=87
time="2026-09-03T07:11:48-07:00" level=info msg=ConnectionClosed connectionID=87
time="2026-09-03T07:11:48-07:00" level=info msg=NewConnection DisableClientMultiStatements=false connectionID=88
time="2026-09-03T07:11:48-07:00" level=info msg=ConnectionClosed connectionID=88
time="2026-09-03T07:11:48-07:00" level=info msg=NewConnection DisableClientMultiStatements=false connectionID=89
time="2026-09-03T07:11:48-07:00" level=info msg=ConnectionClosed connectionID=89
time="2026-09-03T07:11:48-07:00" level=info msg=NewConnection DisableClientMultiStatements=false connectionID=90
time="2026-09-03T07:11:48-07:00" level=info msg=ConnectionClosed connectionID=90
time="2026-09-03T07:11:49-07:00" level=info msg=NewConnection DisableClientMultiStatements=false connectionID=91
time="2026-09-03T07:11:49-07:00" level=info msg=ConnectionClosed connectionID=91
time="2026-09-03T07:11:49-07:00" level=info msg=NewConnection DisableClientMultiStatements=false connectionID=92
time="2026-09-03T07:11:49-07:00" level=info msg=NewConnection DisableClientMultiStatements=false connectionID=93
time="2026-09-03T07:11:49-07:00" level=info msg=ConnectionClosed connectionID=92
time="2026-09-03T07:11:49-07:00" level=info msg=NewConnection DisableClientMultiStatements=false connectionID=94
time="2026-09-03T07:11:49-07:00" level=info msg=ConnectionClosed connectionID=94
time="2026-09-03T07:11:49-07:00" level=info msg=ConnectionClosed connectionID=93
time="2026-09-03T07:11:49-07:00" level=info msg=NewConnection DisableClientMultiStatements=false connectionID=95
time="2026-09-03T07:11:49-07:00" level=info msg=ConnectionClosed connectionID=95
time="2026-09-03T07:11:49-07:00" level=info msg=NewConnection DisableClientMultiStatements=false connectionID=96
time="2026-09-03T07:11:49-07:00" level=info msg=ConnectionClosed connectionID=96
time="2026-09-03T07:11:49-07:00" level=info msg=NewConnection DisableClientMultiStatements=false connectionID=97
time="2026-09-03T07:11:49-07:00" level=info msg=ConnectionClosed connectionID=97
time="2026-09-03T07:11:49-07:00" level=info msg=NewConnection DisableClientMultiStatements=false connectionID=98
time="2026-09-03T07:11:49-07:00" level=info msg=ConnectionClosed connectionID=98
time="2026-09-03T07:11:49-07:00" level=info msg=NewConnection DisableClientMultiStatements=false connectionID=99
time="2026-09-03T07:11:49-07:00" level=info msg=ConnectionClosed connectionID=99
time="2026-09-03T07:11:49-07:00" level=info msg=NewConnection DisableClientMultiStatements=false connectionID=100
time="2026-09-03T07:11:49-07:00" level=info msg=NewConnection DisableClientMultiStatements=false connectionID=101
time="2026-09-03T07:11:49-07:00" level=info msg=ConnectionClosed connectionID=100
time="2026-09-03T07:11:49-07:00" level=info msg=NewConnection DisableClientMultiStatements=false connectionID=102
time="2026-09-03T07:11:49-07:00" level=info msg=ConnectionClosed connectionID=101
time="2026-09-03T07:11:49-07:00" level=info msg=NewConnection DisableClientMultiStatements=false connectionID=103
time="2026-09-03T07:11:49-07:00" level=info msg=ConnectionClosed connectionID=103
time="2026-09-03T07:11:49-07:00" level=info msg=ConnectionClosed connectionID=102
time="2026-09-03T07:11:49-07:00" level=info msg=NewConnection DisableClientMultiStatements=false connectionID=104
time="2026-09-03T07:11:49-07:00" level=info msg=ConnectionClosed connectionID=104
time="2026-09-03T07:11:49-07:00" level=info msg=NewConnection DisableClientMultiStatements=false connectionID=105
time="2026-09-03T07:11:49-07:00" level=info msg=ConnectionClosed connectionID=105
time="2026-09-03T07:11:49-07:00" level=info msg=NewConnection DisableClientMultiStatements=false connectionID=106
time="2026-09-03T07:11:49-07:00" level=info msg=ConnectionClosed connectionID=106
time="2026-09-03T07:11:49-07:00" level=info msg=NewConnection DisableClientMultiStatements=false connectionID=107
time="2026-09-03T07:11:49-07:00" level=info msg=ConnectionClosed connectionID=107
time="2026-09-03T07:11:49-07:00" level=info msg=NewConnection DisableClientMultiStatements=false connectionID=108
time="2026-09-03T07:11:49-07:00" level=info msg=ConnectionClosed connectionID=108
time="2026-09-03T07:11:49-07:00" level=info msg=NewConnection DisableClientMultiStatements=false connectionID=109
time="2026-09-03T07:11:49-07:00" level=info msg=ConnectionClosed connectionID=109
time="2026-09-03T07:11:49-07:00" level=info msg=NewConnection DisableClientMultiStatements=false connectionID=110
time="2026-09-03T07:11:50-07:00" level=info msg=ConnectionClosed connectionID=110
time="2026-09-03T07:11:50-07:00" level=info msg=NewConnection DisableClientMultiStatements=false connectionID=111
time="2026-09-03T07:11:50-07:00" level=info msg=ConnectionClosed connectionID=111
time="2026-09-03T07:11:50-07:00" level=info msg=NewConnection DisableClientMultiStatements=false connectionID=112
time="2026-09-03T07:11:50-07:00" level=info msg=NewConnection DisableClientMultiStatements=false connectionID=113
time="2026-09-03T07:11:50-07:00" level=info msg=ConnectionClosed connectionID=112
time="2026-09-03T07:11:50-07:00" level=info msg=NewConnection DisableClientMultiStatements=false connectionID=114
time="2026-09-03T07:11:50-07:00" level=info msg=ConnectionClosed connectionID=114
time="2026-09-03T07:11:50-07:00" level=info msg=ConnectionClosed connectionID=113
time="2026-09-03T07:11:50-07:00" level=info msg=NewConnection DisableClientMultiStatements=false connectionID=115
time="2026-09-03T07:11:50-07:00" level=info msg=ConnectionClosed connectionID=115
time="2026-09-03T07:11:50-07:00" level=info msg=NewConnection DisableClientMultiStatements=false connectionID=116
time="2026-09-03T07:11:50-07:00" level=info msg=ConnectionClosed connectionID=116
time="2026-09-03T07:11:50-07:00" level=info msg=NewConnection DisableClientMultiStatements=false connectionID=117
time="2026-09-03T07:11:50-07:00" level=info msg=ConnectionClosed connectionID=117
time="2026-09-03T07:11:50-07:00" level=info msg=NewConnection DisableClientMultiStatements=false connectionID=118
time="2026-09-03T07:11:50-07:00" level=info msg=ConnectionClosed connectionID=118
time="2026-09-03T07:11:50-07:00" level=info msg=NewConnection DisableClientMultiStatements=false connectionID=119
time="2026-09-03T07:11:50-07:00" level=info msg=ConnectionClosed connectionID=119
time="2026-09-03T07:11:50-07:00" level=info msg=NewConnection DisableClientMultiStatements=false connectionID=120
time="2026-09-03T07:11:50-07:00" level=info msg=ConnectionClosed connectionID=120
time="2026-09-03T07:11:50-07:00" level=info msg=NewConnection DisableClientMultiStatements=false connectionID=121
time="2026-09-03T07:11:50-07:00" level=info msg=NewConnection DisableClientMultiStatements=false connectionID=122
time="2026-09-03T07:11:50-07:00" level=info msg=ConnectionClosed connectionID=121
time="2026-09-03T07:11:50-07:00" level=info msg=NewConnection DisableClientMultiStatements=false connectionID=123
time="2026-09-03T07:11:50-07:00" level=info msg=ConnectionClosed connectionID=123
time="2026-09-03T07:11:50-07:00" level=info msg=ConnectionClosed connectionID=122
time="2026-09-03T07:11:50-07:00" level=info msg=NewConnection DisableClientMultiStatements=false connectionID=124
time="2026-09-03T07:11:50-07:00" level=info msg=ConnectionClosed connectionID=124
time="2026-09-03T07:11:50-07:00" level=info msg=NewConnection DisableClientMultiStatements=false connectionID=125
time="2026-09-03T07:11:50-07:00" level=info msg=ConnectionClosed connectionID=125
time="2026-09-03T07:11:50-07:00" level=info msg=NewConnection DisableClientMultiStatements=false connectionID=126
time="2026-09-03T07:11:50-07:00" level=info msg=ConnectionClosed connectionID=126
time="2026-09-03T07:11:51-07:00" level=info msg=NewConnection DisableClientMultiStatements=false connectionID=127
time="2026-09-03T07:11:51-07:00" level=info msg=ConnectionClosed connectionID=127
time="2026-09-03T07:11:51-07:00" level=info msg=NewConnection DisableClientMultiStatements=false connectionID=128
time="2026-09-03T07:11:51-07:00" level=info msg=ConnectionClosed connectionID=128
time="2026-09-03T07:11:51-07:00" level=info msg=NewConnection DisableClientMultiStatements=false connectionID=129
time="2026-09-03T07:11:51-07:00" level=info msg=ConnectionClosed connectionID=129
time="2026-09-03T07:11:51-07:00" level=info msg=NewConnection DisableClientMultiStatements=false connectionID=130
time="2026-09-03T07:11:51-07:00" level=info msg=ConnectionClosed connectionID=130
time="2026-09-03T07:11:51-07:00" level=info msg=NewConnection DisableClientMultiStatements=false connectionID=131
time="2026-09-03T07:11:51-07:00" level=info msg=NewConnection DisableClientMultiStatements=false connectionID=132
time="2026-09-03T07:11:51-07:00" level=info msg=ConnectionClosed connectionID=131
time="2026-09-03T07:11:51-07:00" level=info msg=ConnectionClosed connectionID=132
time="2026-09-03T07:11:51-07:00" level=info msg=NewConnection DisableClientMultiStatements=false connectionID=133
time="2026-09-03T07:11:51-07:00" level=info msg=ConnectionClosed connectionID=133
time="2026-09-03T07:11:51-07:00" level=info msg=NewConnection DisableClientMultiStatements=false connectionID=134
time="2026-09-03T07:11:51-07:00" level=info msg=NewConnection DisableClientMultiStatements=false connectionID=135
time="2026-09-03T07:11:51-07:00" level=info msg=ConnectionClosed connectionID=134
time="2026-09-03T07:11:51-07:00" level=info msg=NewConnection DisableClientMultiStatements=false connectionID=136
time="2026-09-03T07:11:51-07:00" level=info msg=ConnectionClosed connectionID=136
time="2026-09-03T07:11:51-07:00" level=info msg=ConnectionClosed connectionID=135
time="2026-09-03T07:11:51-07:00" level=info msg=NewConnection DisableClientMultiStatements=false connectionID=137
time="2026-09-03T07:11:51-07:00" level=info msg=NewConnection DisableClientMultiStatements=false connectionID=138
time="2026-09-03T07:11:51-07:00" level=info msg=ConnectionClosed connectionID=137
time="2026-09-03T07:11:51-07:00" level=info msg=NewConnection DisableClientMultiStatements=false connectionID=139
time="2026-09-03T07:11:51-07:00" level=info msg=ConnectionClosed connectionID=138
time="2026-09-03T07:11:51-07:00" level=info msg=ConnectionClosed connectionID=139
time="2026-09-03T07:11:52-07:00" level=info msg=NewConnection DisableClientMultiStatements=false connectionID=140
time="2026-09-03T07:11:52-07:00" level=info msg=ConnectionClosed connectionID=140
time="2026-09-03T07:11:52-07:00" level=info msg=NewConnection DisableClientMultiStatements=false connectionID=141
time="2026-09-03T07:11:52-07:00" level=info msg=NewConnection DisableClientMultiStatements=false connectionID=142
time="2026-09-03T07:11:52-07:00" level=info msg=ConnectionClosed connectionID=141
time="2026-09-03T07:11:52-07:00" level=info msg=NewConnection DisableClientMultiStatements=false connectionID=143
time="2026-09-03T07:11:52-07:00" level=info msg=ConnectionClosed connectionID=143
time="2026-09-03T07:11:52-07:00" level=info msg=ConnectionClosed connectionID=142
time="2026-09-03T07:11:52-07:00" level=info msg=NewConnection DisableClientMultiStatements=false connectionID=144
time="2026-09-03T07:11:52-07:00" level=info msg=ConnectionClosed connectionID=144
time="2026-09-03T07:11:52-07:00" level=info msg=NewConnection DisableClientMultiStatements=false connectionID=145
time="2026-09-03T07:11:52-07:00" level=info msg=ConnectionClosed connectionID=145
time="2026-09-03T07:11:52-07:00" level=info msg=NewConnection DisableClientMultiStatements=false connectionID=146
time="2026-09-03T07:11:52-07:00" level=info msg=ConnectionClosed connectionID=146
time="2026-09-03T07:11:52-07:00" level=info msg=NewConnection DisableClientMultiStatements=false connectionID=147
time="2026-09-03T07:11:52-07:00" level=info msg=ConnectionClosed connectionID=147
time="2026-09-03T07:11:52-07:00" level=info msg=NewConnection DisableClientMultiStatements=false connectionID=148
time="2026-09-03T07:11:52-07:00" level=info msg=ConnectionClosed connectionID=148
time="2026-09-03T07:11:52-07:00" level=info msg=NewConnection DisableClientMultiStatements=false connectionID=149
time="2026-09-03T07:11:52-07:00" level=info msg=ConnectionClosed connectionID=149
time="2026-09-03T07:11:52-07:00" level=info msg=NewConnection DisableClientMultiStatements=false connectionID=150
time="2026-09-03T07:11:52-07:00" level=info msg=ConnectionClosed connectionID=150
time="2026-09-03T07:11:52-07:00" level=info msg=NewConnection DisableClientMultiStatements=false connectionID=151
time="2026-09-03T07:11:52-07:00" level=info msg=ConnectionClosed connectionID=151
time="2026-09-03T07:11:52-07:00" level=info msg=NewConnection DisableClientMultiStatements=false connectionID=152
time="2026-09-03T07:11:52-07:00" level=info msg=ConnectionClosed connectionID=152
time="2026-09-03T07:11:52-07:00" level=info msg=NewConnection DisableClientMultiStatements=false connectionID=153
time="2026-09-03T07:11:52-07:00" level=info msg=ConnectionClosed connectionID=153
time="2026-09-03T07:11:52-07:00" level=info msg=NewConnection DisableClientMultiStatements=false connectionID=154
time="2026-09-03T07:11:52-07:00" level=info msg=ConnectionClosed connectionID=154
time="2026-09-03T07:11:52-07:00" level=info msg=NewConnection DisableClientMultiStatements=false connectionID=155
time="2026-09-03T07:11:52-07:00" level=info msg=ConnectionClosed connectionID=155
time="2026-09-03T07:11:52-07:00" level=info msg=NewConnection DisableClientMultiStatements=false connectionID=156
time="2026-09-03T07:11:52-07:00" level=info msg=ConnectionClosed connectionID=156
time="2026-09-03T07:11:52-07:00" level=info msg=NewConnection DisableClientMultiStatements=false connectionID=157
time="2026-09-03T07:11:52-07:00" level=info msg=ConnectionClosed connectionID=157
time="2026-09-03T07:11:52-07:00" level=info msg=NewConnection DisableClientMultiStatements=false connectionID=158
time="2026-09-03T07:11:52-07:00" level=info msg=NewConnection DisableClientMultiStatements=false connectionID=159
time="2026-09-03T07:11:52-07:00" level=info msg=ConnectionClosed connectionID=158
time="2026-09-03T07:11:52-07:00" level=info msg=NewConnection DisableClientMultiStatements=false connectionID=160
time="2026-09-03T07:11:52-07:00" level=info msg=ConnectionClosed connectionID=160
time="2026-09-03T07:11:52-07:00" level=info msg=ConnectionClosed connectionID=159
time="2026-09-03T07:11:52-07:00" level=info msg=NewConnection DisableClientMultiStatements=false connectionID=161
time="2026-09-03T07:11:52-07:00" level=info msg=ConnectionClosed connectionID=161
time="2026-09-03T07:11:52-07:00" level=info msg=NewConnection DisableClientMultiStatements=false connectionID=162
time="2026-09-03T07:11:52-07:00" level=info msg=ConnectionClosed connectionID=162
time="2026-09-03T07:11:52-07:00" level=info msg=NewConnection DisableClientMultiStatements=false connectionID=163
time="2026-09-03T07:11:52-07:00" level=info msg=ConnectionClosed connectionID=163
time="2026-09-03T07:11:53-07:00" level=info msg=NewConnection DisableClientMultiStatements=false connectionID=164
time="2026-09-03T07:11:53-07:00" level=info msg=ConnectionClosed connectionID=164
time="2026-09-03T07:11:53-07:00" level=info msg=NewConnection DisableClientMultiStatements=false connectionID=165
time="2026-09-03T07:11:53-07:00" level=info msg=ConnectionClosed connectionID=165
time="2026-09-03T07:11:53-07:00" level=info msg=NewConnection DisableClientMultiStatements=false connectionID=166
time="2026-09-03T07:11:53-07:00" level=info msg=ConnectionClosed connectionID=166
time="2026-09-03T07:11:53-07:00" level=info msg=NewConnection DisableClientMultiStatements=false connectionID=167
time="2026-09-03T07:11:53-07:00" level=info msg=NewConnection DisableClientMultiStatements=false connectionID=168
time="2026-09-03T07:11:53-07:00" level=info msg=ConnectionClosed connectionID=167
time="2026-09-03T07:11:53-07:00" level=info msg=NewConnection DisableClientMultiStatements=false connectionID=169
time="2026-09-03T07:11:53-07:00" level=info msg=ConnectionClosed connectionID=168
time="2026-09-03T07:11:53-07:00" level=info msg=NewConnection DisableClientMultiStatements=false connectionID=170
time="2026-09-03T07:11:53-07:00" level=info msg=ConnectionClosed connectionID=170
time="2026-09-03T07:11:53-07:00" level=info msg=ConnectionClosed connectionID=169
time="2026-09-03T07:11:53-07:00" level=info msg=NewConnection DisableClientMultiStatements=false connectionID=171
time="2026-09-03T07:11:53-07:00" level=info msg=ConnectionClosed connectionID=171
time="2026-09-03T07:11:53-07:00" level=info msg=NewConnection DisableClientMultiStatements=false connectionID=172
time="2026-09-03T07:11:53-07:00" level=info msg=ConnectionClosed connectionID=172
time="2026-09-03T07:11:53-07:00" level=info msg=NewConnection DisableClientMultiStatements=false connectionID=173
time="2026-09-03T07:11:53-07:00" level=info msg=ConnectionClosed connectionID=173
time="2026-09-03T07:11:53-07:00" level=info msg=NewConnection DisableClientMultiStatements=false connectionID=174
time="2026-09-03T07:11:53-07:00" level=info msg=ConnectionClosed connectionID=174
time="2026-09-03T07:11:53-07:00" level=info msg=NewConnection DisableClientMultiStatements=false connectionID=175
time="2026-09-03T07:11:53-07:00" level=info msg=ConnectionClosed connectionID=175
time="2026-09-03T07:11:53-07:00" level=info msg=NewConnection DisableClientMultiStatements=false connectionID=176
time="2026-09-03T07:11:53-07:00" level=info msg=ConnectionClosed connectionID=176
time="2026-09-03T07:11:53-07:00" level=info msg=NewConnection DisableClientMultiStatements=false connectionID=177
time="2026-09-03T07:11:53-07:00" level=info msg=NewConnection DisableClientMultiStatements=false connectionID=178
time="2026-09-03T07:11:53-07:00" level=info msg=ConnectionClosed connectionID=177
time="2026-09-03T07:11:53-07:00" level=info msg=NewConnection DisableClientMultiStatements=false connectionID=179
time="2026-09-03T07:11:53-07:00" level=info msg=ConnectionClosed connectionID=179
time="2026-09-03T07:11:53-07:00" level=info msg=ConnectionClosed connectionID=178
time="2026-09-03T07:11:53-07:00" level=info msg=NewConnection DisableClientMultiStatements=false connectionID=180
time="2026-09-03T07:11:53-07:00" level=info msg=ConnectionClosed connectionID=180
time="2026-09-03T07:11:53-07:00" level=info msg=NewConnection DisableClientMultiStatements=false connectionID=181
time="2026-09-03T07:11:53-07:00" level=info msg=ConnectionClosed connectionID=181
time="2026-09-03T07:11:53-07:00" level=info msg=NewConnection DisableClientMultiStatements=false connectionID=182
time="2026-09-03T07:11:53-07:00" level=info msg=ConnectionClosed connectionID=182
time="2026-09-03T07:11:53-07:00" level=info msg=NewConnection DisableClientMultiStatements=false connectionID=183
time="2026-09-03T07:11:53-07:00" level=info msg=ConnectionClosed connectionID=183
time="2026-09-03T07:11:54-07:00" level=info msg=NewConnection DisableClientMultiStatements=false connectionID=184
time="2026-09-03T07:11:54-07:00" level=info msg=ConnectionClosed connectionID=184
time="2026-09-03T07:11:54-07:00" level=info msg=NewConnection DisableClientMultiStatements=false connectionID=185
time="2026-09-03T07:11:54-07:00" level=info msg=ConnectionClosed connectionID=185
time="2026-09-03T07:11:54-07:00" level=info msg=NewConnection DisableClientMultiStatements=false connectionID=186
time="2026-09-03T07:11:54-07:00" level=info msg=ConnectionClosed connectionID=186
time="2026-09-03T07:11:54-07:00" level=info msg=NewConnection DisableClientMultiStatements=false connectionID=187
time="2026-09-03T07:11:54-07:00" level=info msg=ConnectionClosed connectionID=187
time="2026-09-03T07:11:54-07:00" level=info msg=NewConnection DisableClientMultiStatements=false connectionID=188
time="2026-09-03T07:11:54-07:00" level=info msg=ConnectionClosed connectionID=188
time="2026-09-03T07:11:54-07:00" level=info msg=NewConnection DisableClientMultiStatements=false connectionID=189
time="2026-09-03T07:11:54-07:00" level=info msg=ConnectionClosed connectionID=189
time="2026-09-03T07:11:54-07:00" level=info msg=NewConnection DisableClientMultiStatements=false connectionID=190
time="2026-09-03T07:11:54-07:00" level=info msg=NewConnection DisableClientMultiStatements=false connectionID=191
time="2026-09-03T07:11:54-07:00" level=info msg=ConnectionClosed connectionID=190
time="2026-09-03T07:11:54-07:00" level=info msg=ConnectionClosed connectionID=191
time="2026-09-03T07:11:54-07:00" level=info msg=NewConnection DisableClientMultiStatements=false connectionID=192
time="2026-09-03T07:11:54-07:00" level=info msg=ConnectionClosed connectionID=192
time="2026-09-03T07:11:54-07:00" level=info msg=NewConnection DisableClientMultiStatements=false connectionID=193
time="2026-09-03T07:11:54-07:00" level=info msg=NewConnection DisableClientMultiStatements=false connectionID=194
time="2026-09-03T07:11:54-07:00" level=info msg=ConnectionClosed connectionID=193
time="2026-09-03T07:11:54-07:00" level=info msg=NewConnection DisableClientMultiStatements=false connectionID=195
time="2026-09-03T07:11:54-07:00" level=info msg=ConnectionClosed connectionID=195
time="2026-09-03T07:11:54-07:00" level=info msg=ConnectionClosed connectionID=194
time="2026-09-03T07:11:54-07:00" level=info msg=NewConnection DisableClientMultiStatements=false connectionID=196
time="2026-09-03T07:11:54-07:00" level=info msg=ConnectionClosed connectionID=196
time="2026-09-03T07:11:54-07:00" level=info msg=NewConnection DisableClientMultiStatements=false connectionID=197
time="2026-09-03T07:11:54-07:00" level=info msg=NewConnection DisableClientMultiStatements=false connectionID=198
time="2026-09-03T07:11:54-07:00" level=info msg=ConnectionClosed connectionID=197
time="2026-09-03T07:11:54-07:00" level=info msg=ConnectionClosed connectionID=198
time="2026-09-03T07:11:55-07:00" level=info msg=NewConnection DisableClientMultiStatements=false connectionID=199
time="2026-09-03T07:11:55-07:00" level=info msg=ConnectionClosed connectionID=199
time="2026-09-03T07:11:55-07:00" level=info msg=NewConnection DisableClientMultiStatements=false connectionID=200
time="2026-09-03T07:11:55-07:00" level=info msg=NewConnection DisableClientMultiStatements=false connectionID=201
time="2026-09-03T07:11:55-07:00" level=info msg=ConnectionClosed connectionID=200
time="2026-09-03T07:11:55-07:00" level=info msg=NewConnection DisableClientMultiStatements=false connectionID=202
time="2026-09-03T07:11:55-07:00" level=info msg=ConnectionClosed connectionID=202
time="2026-09-03T07:11:55-07:00" level=info msg=ConnectionClosed connectionID=201
time="2026-09-03T07:11:55-07:00" level=info msg=NewConnection DisableClientMultiStatements=false connectionID=203
time="2026-09-03T07:11:55-07:00" level=info msg=ConnectionClosed connectionID=203
time="2026-09-03T07:11:55-07:00" level=info msg=NewConnection DisableClientMultiStatements=false connectionID=204
time="2026-09-03T07:11:55-07:00" level=info msg=ConnectionClosed connectionID=204
time="2026-09-03T07:11:55-07:00" level=info msg=NewConnection DisableClientMultiStatements=false connectionID=205
time="2026-09-03T07:11:55-07:00" level=info msg=ConnectionClosed connectionID=205
time="2026-09-03T07:11:55-07:00" level=info msg=NewConnection DisableClientMultiStatements=false connectionID=206
time="2026-09-03T07:11:55-07:00" level=info msg=ConnectionClosed connectionID=206
time="2026-09-03T07:11:55-07:00" level=info msg=NewConnection DisableClientMultiStatements=false connectionID=207
time="2026-09-03T07:11:55-07:00" level=info msg=ConnectionClosed connectionID=207
time="2026-09-03T07:11:55-07:00" level=info msg=NewConnection DisableClientMultiStatements=false connectionID=208
time="2026-09-03T07:11:55-07:00" level=info msg=ConnectionClosed connectionID=208
time="2026-09-03T07:11:55-07:00" level=info msg=NewConnection DisableClientMultiStatements=false connectionID=209
time="2026-09-03T07:11:55-07:00" level=info msg=ConnectionClosed connectionID=209
time="2026-09-03T07:11:55-07:00" level=info msg=NewConnection DisableClientMultiStatements=false connectionID=210
time="2026-09-03T07:11:55-07:00" level=info msg=ConnectionClosed connectionID=210
time="2026-09-03T07:11:55-07:00" level=info msg=NewConnection DisableClientMultiStatements=false connectionID=211
time="2026-09-03T07:11:55-07:00" level=info msg=NewConnection DisableClientMultiStatements=false connectionID=212
time="2026-09-03T07:11:55-07:00" level=info msg=ConnectionClosed connectionID=211
time="2026-09-03T07:11:55-07:00" level=info msg=NewConnection DisableClientMultiStatements=false connectionID=213
time="2026-09-03T07:11:55-07:00" level=info msg=ConnectionClosed connectionID=213
time="2026-09-03T07:11:55-07:00" level=info msg=ConnectionClosed connectionID=212
time="2026-09-03T07:11:55-07:00" level=info msg=NewConnection DisableClientMultiStatements=false connectionID=214
time="2026-09-03T07:11:55-07:00" level=info msg=ConnectionClosed connectionID=214
time="2026-09-03T07:11:55-07:00" level=info msg=NewConnection DisableClientMultiStatements=false connectionID=215
time="2026-09-03T07:11:55-07:00" level=info msg=ConnectionClosed connectionID=215
time="2026-09-03T07:11:55-07:00" level=info msg=NewConnection DisableClientMultiStatements=false connectionID=216
time="2026-09-03T07:11:55-07:00" level=info msg=ConnectionClosed connectionID=216
time="2026-09-03T07:11:55-07:00" level=info msg=NewConnection DisableClientMultiStatements=false connectionID=217
time="2026-09-03T07:11:55-07:00" level=info msg=ConnectionClosed connectionID=217
time="2026-09-03T07:11:55-07:00" level=info msg=NewConnection DisableClientMultiStatements=false connectionID=218
time="2026-09-03T07:11:55-07:00" level=info msg=ConnectionClosed connectionID=218
time="2026-09-03T07:11:56-07:00" level=info msg=NewConnection DisableClientMultiStatements=false connectionID=219
time="2026-09-03T07:11:56-07:00" level=info msg=ConnectionClosed connectionID=219
time="2026-09-03T07:11:56-07:00" level=info msg=NewConnection DisableClientMultiStatements=false connectionID=220
time="2026-09-03T07:11:56-07:00" level=info msg=NewConnection DisableClientMultiStatements=false connectionID=221
time="2026-09-03T07:11:56-07:00" level=info msg=ConnectionClosed connectionID=220
time="2026-09-03T07:11:56-07:00" level=info msg=NewConnection DisableClientMultiStatements=false connectionID=222
time="2026-09-03T07:11:56-07:00" level=info msg=ConnectionClosed connectionID=222
time="2026-09-03T07:11:56-07:00" level=info msg=ConnectionClosed connectionID=221
time="2026-09-03T07:11:56-07:00" level=info msg=NewConnection DisableClientMultiStatements=false connectionID=223
time="2026-09-03T07:11:56-07:00" level=info msg=ConnectionClosed connectionID=223
time="2026-09-03T07:11:56-07:00" level=info msg=NewConnection DisableClientMultiStatements=false connectionID=224
time="2026-09-03T07:11:56-07:00" level=info msg=ConnectionClosed connectionID=224
time="2026-09-03T07:11:56-07:00" level=info msg=NewConnection DisableClientMultiStatements=false connectionID=225
time="2026-09-03T07:11:56-07:00" level=info msg=ConnectionClosed connectionID=225
time="2026-09-03T07:11:56-07:00" level=info msg=NewConnection DisableClientMultiStatements=false connectionID=226
time="2026-09-03T07:11:56-07:00" level=info msg=ConnectionClosed connectionID=226
time="2026-09-03T07:11:56-07:00" level=info msg=NewConnection DisableClientMultiStatements=false connectionID=227
time="2026-09-03T07:11:56-07:00" level=info msg=ConnectionClosed connectionID=227
time="2026-09-03T07:11:56-07:00" level=info msg=NewConnection DisableClientMultiStatements=false connectionID=228
time="2026-09-03T07:11:56-07:00" level=info msg=ConnectionClosed connectionID=228
time="2026-09-03T07:11:56-07:00" level=info msg=NewConnection DisableClientMultiStatements=false connectionID=229
time="2026-09-03T07:11:56-07:00" level=info msg=ConnectionClosed connectionID=229
time="2026-09-03T07:11:56-07:00" level=info msg=NewConnection DisableClientMultiStatements=false connectionID=230
time="2026-09-03T07:11:56-07:00" level=info msg=NewConnection DisableClientMultiStatements=false connectionID=231
time="2026-09-03T07:11:56-07:00" level=info msg=ConnectionClosed connectionID=230
time="2026-09-03T07:11:56-07:00" level=info msg=ConnectionClosed connectionID=231
time="2026-09-03T07:11:56-07:00" level=info msg=NewConnection DisableClientMultiStatements=false connectionID=232
time="2026-09-03T07:11:56-07:00" level=info msg=ConnectionClosed connectionID=232
time="2026-09-03T07:11:56-07:00" level=info msg=NewConnection DisableClientMultiStatements=false connectionID=233
time="2026-09-03T07:11:56-07:00" level=info msg=NewConnection DisableClientMultiStatements=false connectionID=234
time="2026-09-03T07:11:56-07:00" level=info msg=ConnectionClosed connectionID=233
time="2026-09-03T07:11:56-07:00" level=info msg=NewConnection DisableClientMultiStatements=false connectionID=235
time="2026-09-03T07:11:56-07:00" level=info msg=ConnectionClosed connectionID=235
time="2026-09-03T07:11:56-07:00" level=info msg=ConnectionClosed connectionID=234
time="2026-09-03T07:11:57-07:00" level=info msg=NewConnection DisableClientMultiStatements=false connectionID=236
time="2026-09-03T07:11:57-07:00" level=info msg=ConnectionClosed connectionID=236
time="2026-09-03T07:11:57-07:00" level=info msg=NewConnection DisableClientMultiStatements=false connectionID=237
time="2026-09-03T07:11:57-07:00" level=info msg=NewConnection DisableClientMultiStatements=false connectionID=238
time="2026-09-03T07:11:57-07:00" level=info msg=ConnectionClosed connectionID=237
time="2026-09-03T07:11:57-07:00" level=info msg=ConnectionClosed connectionID=238
time="2026-09-03T07:11:57-07:00" level=info msg=NewConnection DisableClientMultiStatements=false connectionID=239
time="2026-09-03T07:11:57-07:00" level=info msg=ConnectionClosed connectionID=239
time="2026-09-03T07:11:57-07:00" level=info msg=NewConnection DisableClientMultiStatements=false connectionID=240
time="2026-09-03T07:11:57-07:00" level=info msg=NewConnection DisableClientMultiStatements=false connectionID=241
time="2026-09-03T07:11:57-07:00" level=info msg=ConnectionClosed connectionID=240
time="2026-09-03T07:11:57-07:00" level=info msg=NewConnection DisableClientMultiStatements=false connectionID=242
time="2026-09-03T07:11:57-07:00" level=info msg=ConnectionClosed connectionID=242
time="2026-09-03T07:11:57-07:00" level=info msg=ConnectionClosed connectionID=241
time="2026-09-03T07:11:57-07:00" level=info msg=NewConnection DisableClientMultiStatements=false connectionID=243
time="2026-09-03T07:11:57-07:00" level=info msg=ConnectionClosed connectionID=243
time="2026-09-03T07:11:57-07:00" level=info msg=NewConnection DisableClientMultiStatements=false connectionID=244
time="2026-09-03T07:11:57-07:00" level=info msg=ConnectionClosed connectionID=244
time="2026-09-03T07:11:57-07:00" level=info msg=NewConnection DisableClientMultiStatements=false connectionID=245
time="2026-09-03T07:11:57-07:00" level=info msg=ConnectionClosed connectionID=245
time="2026-09-03T07:11:57-07:00" level=info msg=NewConnection DisableClientMultiStatements=false connectionID=246
time="2026-09-03T07:11:57-07:00" level=info msg=ConnectionClosed connectionID=246
time="2026-09-03T07:11:57-07:00" level=info msg=NewConnection DisableClientMultiStatements=false connectionID=247
time="2026-09-03T07:11:57-07:00" level=info msg=ConnectionClosed connectionID=247
time="2026-09-03T07:11:57-07:00" level=info msg=NewConnection DisableClientMultiStatements=false connectionID=248
time="2026-09-03T07:11:57-07:00" level=info msg=ConnectionClosed connectionID=248
time="2026-09-03T07:11:57-07:00" level=info msg=NewConnection DisableClientMultiStatements=false connectionID=249
time="2026-09-03T07:11:57-07:00" level=info msg=ConnectionClosed connectionID=249
time="2026-09-03T07:11:57-07:00" level=info msg=NewConnection DisableClientMultiStatements=false connectionID=250
time="2026-09-03T07:11:58-07:00" level=info msg=NewConnection DisableClientMultiStatements=false connectionID=251
time="2026-09-03T07:11:58-07:00" level=info msg=ConnectionClosed connectionID=250
time="2026-09-03T07:11:58-07:00" level=info msg=NewConnection DisableClientMultiStatements=false connectionID=252
time="2026-09-03T07:11:58-07:00" level=info msg=ConnectionClosed connectionID=252
time="2026-09-03T07:11:58-07:00" level=info msg=ConnectionClosed connectionID=251
time="2026-09-03T07:11:58-07:00" level=info msg=NewConnection DisableClientMultiStatements=false connectionID=253
time="2026-09-03T07:11:58-07:00" level=info msg=ConnectionClosed connectionID=253
time="2026-09-03T07:11:58-07:00" level=info msg=NewConnection DisableClientMultiStatements=false connectionID=254
time="2026-09-03T07:11:58-07:00" level=info msg=NewConnection DisableClientMultiStatements=false connectionID=255
time="2026-09-03T07:11:58-07:00" level=info msg=ConnectionClosed connectionID=254
time="2026-09-03T07:11:58-07:00" level=info msg=ConnectionClosed connectionID=255
time="2026-09-03T07:11:58-07:00" level=info msg=NewConnection DisableClientMultiStatements=false connectionID=256
time="2026-09-03T07:11:58-07:00" level=info msg=ConnectionClosed connectionID=256
time="2026-09-03T07:11:58-07:00" level=info msg=NewConnection DisableClientMultiStatements=false connectionID=257
time="2026-09-03T07:11:58-07:00" level=info msg=ConnectionClosed connectionID=257
time="2026-09-03T07:11:58-07:00" level=info msg=NewConnection DisableClientMultiStatements=false connectionID=258
time="2026-09-03T07:11:58-07:00" level=info msg=NewConnection DisableClientMultiStatements=false connectionID=259
time="2026-09-03T07:11:58-07:00" level=info msg=ConnectionClosed connectionID=258
time="2026-09-03T07:11:58-07:00" level=info msg=NewConnection DisableClientMultiStatements=false connectionID=260
time="2026-09-03T07:11:58-07:00" level=info msg=ConnectionClosed connectionID=260
time="2026-09-03T07:11:58-07:00" level=info msg=ConnectionClosed connectionID=259
time="2026-09-03T07:11:58-07:00" level=info msg=NewConnection DisableClientMultiStatements=false connectionID=261
time="2026-09-03T07:11:58-07:00" level=info msg=ConnectionClosed connectionID=261
time="2026-09-03T07:11:58-07:00" level=info msg=NewConnection DisableClientMultiStatements=false connectionID=262
time="2026-09-03T07:11:58-07:00" level=info msg=ConnectionClosed connectionID=262
time="2026-09-03T07:11:58-07:00" level=info msg=NewConnection DisableClientMultiStatements=false connectionID=263
time="2026-09-03T07:11:58-07:00" level=info msg=ConnectionClosed connectionID=263
time="2026-09-03T07:11:58-07:00" level=info msg=NewConnection DisableClientMultiStatements=false connectionID=264
time="2026-09-03T07:11:58-07:00" level=info msg=ConnectionClosed connectionID=264
time="2026-09-03T07:11:58-07:00" level=info msg=NewConnection DisableClientMultiStatements=false connectionID=265
time="2026-09-03T07:11:58-07:00" level=info msg=ConnectionClosed connectionID=265
time="2026-09-03T07:11:59-07:00" level=info msg=NewConnection DisableClientMultiStatements=false connectionID=266
time="2026-09-03T07:11:59-07:00" level=info msg=ConnectionClosed connectionID=266
time="2026-09-03T07:11:59-07:00" level=info msg=NewConnection DisableClientMultiStatements=false connectionID=267
time="2026-09-03T07:11:59-07:00" level=info msg=NewConnection DisableClientMultiStatements=false connectionID=268
time="2026-09-03T07:11:59-07:00" level=info msg=ConnectionClosed connectionID=267
time="2026-09-03T07:11:59-07:00" level=info msg=NewConnection DisableClientMultiStatements=false connectionID=269
time="2026-09-03T07:11:59-07:00" level=info msg=ConnectionClosed connectionID=269
time="2026-09-03T07:11:59-07:00" level=info msg=ConnectionClosed connectionID=268
time="2026-09-03T07:11:59-07:00" level=info msg=NewConnection DisableClientMultiStatements=false connectionID=270
time="2026-09-03T07:11:59-07:00" level=info msg=ConnectionClosed connectionID=270
time="2026-09-03T07:11:59-07:00" level=info msg=NewConnection DisableClientMultiStatements=false connectionID=271
time="2026-09-03T07:11:59-07:00" level=info msg=ConnectionClosed connectionID=271
time="2026-09-03T07:11:59-07:00" level=info msg=NewConnection DisableClientMultiStatements=false connectionID=272
time="2026-09-03T07:11:59-07:00" level=info msg=ConnectionClosed connectionID=272
time="2026-09-03T07:11:59-07:00" level=info msg=NewConnection DisableClientMultiStatements=false connectionID=273
time="2026-09-03T07:11:59-07:00" level=info msg=ConnectionClosed connectionID=273
time="2026-09-03T07:11:59-07:00" level=info msg=NewConnection DisableClientMultiStatements=false connectionID=274
time="2026-09-03T07:11:59-07:00" level=info msg=ConnectionClosed connectionID=274
time="2026-09-03T07:11:59-07:00" level=info msg=NewConnection DisableClientMultiStatements=false connectionID=275
time="2026-09-03T07:11:59-07:00" level=info msg=ConnectionClosed connectionID=275
time="2026-09-03T07:11:59-07:00" level=info msg=NewConnection DisableClientMultiStatements=false connectionID=276
time="2026-09-03T07:11:59-07:00" level=info msg=ConnectionClosed connectionID=276
time="2026-09-03T07:11:59-07:00" level=info msg=NewConnection DisableClientMultiStatements=false connectionID=277
time="2026-09-03T07:11:59-07:00" level=info msg=NewConnection DisableClientMultiStatements=false connectionID=278
time="2026-09-03T07:11:59-07:00" level=info msg=ConnectionClosed connectionID=277
time="2026-09-03T07:11:59-07:00" level=info msg=ConnectionClosed connectionID=278
time="2026-09-03T07:11:59-07:00" level=info msg=NewConnection DisableClientMultiStatements=false connectionID=279
time="2026-09-03T07:11:59-07:00" level=info msg=ConnectionClosed connectionID=279
time="2026-09-03T07:11:59-07:00" level=info msg=NewConnection DisableClientMultiStatements=false connectionID=280
time="2026-09-03T07:11:59-07:00" level=info msg=NewConnection DisableClientMultiStatements=false connectionID=281
time="2026-09-03T07:11:59-07:00" level=info msg=ConnectionClosed connectionID=280
time="2026-09-03T07:11:59-07:00" level=info msg=NewConnection DisableClientMultiStatements=false connectionID=282
time="2026-09-03T07:11:59-07:00" level=info msg=ConnectionClosed connectionID=282
time="2026-09-03T07:11:59-07:00" level=info msg=ConnectionClosed connectionID=281
time="2026-09-03T07:12:00-07:00" level=info msg=NewConnection DisableClientMultiStatements=false connectionID=283
time="2026-09-03T07:12:00-07:00" level=info msg=ConnectionClosed connectionID=283
time="2026-09-03T07:12:00-07:00" level=info msg=NewConnection DisableClientMultiStatements=false connectionID=284
time="2026-09-03T07:12:00-07:00" level=info msg=NewConnection DisableClientMultiStatements=false connectionID=285
time="2026-09-03T07:12:00-07:00" level=info msg=ConnectionClosed connectionID=284
time="2026-09-03T07:12:00-07:00" level=info msg=ConnectionClosed connectionID=285
time="2026-09-03T07:12:00-07:00" level=info msg=NewConnection DisableClientMultiStatements=false connectionID=286
time="2026-09-03T07:12:00-07:00" level=info msg=ConnectionClosed connectionID=286
time="2026-09-03T07:12:00-07:00" level=info msg=NewConnection DisableClientMultiStatements=false connectionID=287
time="2026-09-03T07:12:00-07:00" level=info msg=NewConnection DisableClientMultiStatements=false connectionID=288
time="2026-09-03T07:12:00-07:00" level=info msg=ConnectionClosed connectionID=287
time="2026-09-03T07:12:00-07:00" level=info msg=NewConnection DisableClientMultiStatements=false connectionID=289
time="2026-09-03T07:12:00-07:00" level=info msg=ConnectionClosed connectionID=289
time="2026-09-03T07:12:00-07:00" level=info msg=ConnectionClosed connectionID=288
time="2026-09-03T07:12:00-07:00" level=info msg=NewConnection DisableClientMultiStatements=false connectionID=290
time="2026-09-03T07:12:00-07:00" level=info msg=ConnectionClosed connectionID=290
time="2026-09-03T07:12:00-07:00" level=info msg=NewConnection DisableClientMultiStatements=false connectionID=291
time="2026-09-03T07:12:00-07:00" level=info msg=ConnectionClosed connectionID=291
time="2026-09-03T07:12:00-07:00" level=info msg=NewConnection DisableClientMultiStatements=false connectionID=292
time="2026-09-03T07:12:00-07:00" level=info msg=ConnectionClosed connectionID=292
time="2026-09-03T07:12:00-07:00" level=info msg=NewConnection DisableClientMultiStatements=false connectionID=293
time="2026-09-03T07:12:00-07:00" level=info msg=ConnectionClosed connectionID=293
time="2026-09-03T07:12:00-07:00" level=info msg=NewConnection DisableClientMultiStatements=false connectionID=294
time="2026-09-03T07:12:00-07:00" level=info msg=ConnectionClosed connectionID=294
time="2026-09-03T07:12:00-07:00" level=info msg=NewConnection DisableClientMultiStatements=false connectionID=295
time="2026-09-03T07:12:00-07:00" level=info msg=ConnectionClosed connectionID=295
time="2026-09-03T07:12:00-07:00" level=info msg=NewConnection DisableClientMultiStatements=false connectionID=296
time="2026-09-03T07:12:00-07:00" level=info msg=ConnectionClosed connectionID=296
time="2026-09-03T07:12:00-07:00" level=info msg=NewConnection DisableClientMultiStatements=false connectionID=297
time="2026-09-03T07:12:00-07:00" level=info msg=ConnectionClosed connectionID=297
time="2026-09-03T07:12:00-07:00" level=info msg=NewConnection DisableClientMultiStatements=false connectionID=298
time="2026-09-03T07:12:00-07:00" level=info msg=ConnectionClosed connectionID=298
time="2026-09-03T07:12:00-07:00" level=info msg=NewConnection DisableClientMultiStatements=false connectionID=299
time="2026-09-03T07:12:00-07:00" level=info msg=NewConnection DisableClientMultiStatements=false connectionID=300
time="2026-09-03T07:12:00-07:00" level=info msg=ConnectionClosed connectionID=299
time="2026-09-03T07:12:00-07:00" level=info msg=NewConnection DisableClientMultiStatements=false connectionID=301
time="2026-09-03T07:12:00-07:00" level=info msg=ConnectionClosed connectionID=301
time="2026-09-03T07:12:01-07:00" level=info msg=ConnectionClosed connectionID=300
time="2026-09-03T07:12:01-07:00" level=info msg=NewConnection DisableClientMultiStatements=false connectionID=302
time="2026-09-03T07:12:01-07:00" level=info msg=ConnectionClosed connectionID=302
time="2026-09-03T07:12:01-07:00" level=info msg=NewConnection DisableClientMultiStatements=false connectionID=303
time="2026-09-03T07:12:01-07:00" level=info msg=ConnectionClosed connectionID=303
time="2026-09-03T07:12:01-07:00" level=info msg=NewConnection DisableClientMultiStatements=false connectionID=304
time="2026-09-03T07:12:01-07:00" level=info msg=ConnectionClosed connectionID=304
time="2026-09-03T07:12:01-07:00" level=info msg=NewConnection DisableClientMultiStatements=false connectionID=305
time="2026-09-03T07:12:01-07:00" level=info msg=ConnectionClosed connectionID=305
time="2026-09-03T07:12:01-07:00" level=info msg=NewConnection DisableClientMultiStatements=false connectionID=306
time="2026-09-03T07:12:01-07:00" level=info msg=ConnectionClosed connectionID=306
time="2026-09-03T07:12:01-07:00" level=info msg=NewConnection DisableClientMultiStatements=false connectionID=307
time="2026-09-03T07:12:01-07:00" level=info msg=ConnectionClosed connectionID=307
time="2026-09-03T07:12:01-07:00" level=info msg=NewConnection DisableClientMultiStatements=false connectionID=308
time="2026-09-03T07:12:01-07:00" level=info msg=NewConnection DisableClientMultiStatements=false connectionID=309
time="2026-09-03T07:12:01-07:00" level=info msg=ConnectionClosed connectionID=308
time="2026-09-03T07:12:01-07:00" level=info msg=NewConnection DisableClientMultiStatements=false connectionID=310
time="2026-09-03T07:12:01-07:00" level=info msg=ConnectionClosed connectionID=310
time="2026-09-03T07:12:01-07:00" level=info msg=ConnectionClosed connectionID=309
time="2026-09-03T07:12:01-07:00" level=info msg=NewConnection DisableClientMultiStatements=false connectionID=311
time="2026-09-03T07:12:01-07:00" level=info msg=ConnectionClosed connectionID=311
time="2026-09-03T07:12:01-07:00" level=info msg=NewConnection DisableClientMultiStatements=false connectionID=312
time="2026-09-03T07:12:01-07:00" level=info msg=ConnectionClosed connectionID=312
time="2026-09-03T07:12:01-07:00" level=info msg=NewConnection DisableClientMultiStatements=false connectionID=313
time="2026-09-03T07:12:01-07:00" level=info msg=ConnectionClosed connectionID=313
time="2026-09-03T07:12:01-07:00" level=info msg=NewConnection DisableClientMultiStatements=false connectionID=314
time="2026-09-03T07:12:01-07:00" level=info msg=ConnectionClosed connectionID=314
time="2026-09-03T07:12:01-07:00" level=info msg=NewConnection DisableClientMultiStatements=false connectionID=315
time="2026-09-03T07:12:01-07:00" level=info msg=ConnectionClosed connectionID=315
time="2026-09-03T07:12:01-07:00" level=info msg=NewConnection DisableClientMultiStatements=false connectionID=316
time="2026-09-03T07:12:01-07:00" level=info msg=ConnectionClosed connectionID=316
time="2026-09-03T07:12:01-07:00" level=info msg=NewConnection DisableClientMultiStatements=false connectionID=317
time="2026-09-03T07:12:01-07:00" level=info msg=ConnectionClosed connectionID=317
time="2026-09-03T07:12:01-07:00" level=info msg=NewConnection DisableClientMultiStatements=false connectionID=318
time="2026-09-03T07:12:01-07:00" level=info msg=ConnectionClosed connectionID=318
time="2026-09-03T07:12:01-07:00" level=info msg=NewConnection DisableClientMultiStatements=false connectionID=319
time="2026-09-03T07:12:01-07:00" level=info msg=ConnectionClosed connectionID=319
time="2026-09-03T07:12:01-07:00" level=info msg=NewConnection DisableClientMultiStatements=false connectionID=320
time="2026-09-03T07:12:01-07:00" level=info msg=ConnectionClosed connectionID=320
time="2026-09-03T07:12:02-07:00" level=info msg=NewConnection DisableClientMultiStatements=false connectionID=321
time="2026-09-03T07:12:02-07:00" level=info msg=ConnectionClosed connectionID=321
time="2026-09-03T07:12:02-07:00" level=info msg=NewConnection DisableClientMultiStatements=false connectionID=322
time="2026-09-03T07:12:02-07:00" level=info msg=NewConnection DisableClientMultiStatements=false connectionID=323
time="2026-09-03T07:12:02-07:00" level=info msg=ConnectionClosed connectionID=322
time="2026-09-03T07:12:02-07:00" level=info msg=NewConnection DisableClientMultiStatements=false connectionID=324
time="2026-09-03T07:12:02-07:00" level=info msg=ConnectionClosed connectionID=324
time="2026-09-03T07:12:02-07:00" level=info msg=ConnectionClosed connectionID=323
time="2026-09-03T07:12:02-07:00" level=info msg=NewConnection DisableClientMultiStatements=false connectionID=325
time="2026-09-03T07:12:02-07:00" level=info msg=ConnectionClosed connectionID=325
time="2026-09-03T07:12:02-07:00" level=info msg=NewConnection DisableClientMultiStatements=false connectionID=326
time="2026-09-03T07:12:02-07:00" level=info msg=ConnectionClosed connectionID=326
time="2026-09-03T07:12:02-07:00" level=info msg=NewConnection DisableClientMultiStatements=false connectionID=327
time="2026-09-03T07:12:02-07:00" level=info msg=ConnectionClosed connectionID=327
time="2026-09-03T07:12:02-07:00" level=info msg=NewConnection DisableClientMultiStatements=false connectionID=328
time="2026-09-03T07:12:02-07:00" level=info msg=ConnectionClosed connectionID=328
time="2026-09-03T07:12:02-07:00" level=info msg=NewConnection DisableClientMultiStatements=false connectionID=329
time="2026-09-03T07:12:02-07:00" level=info msg=ConnectionClosed connectionID=329
time="2026-09-03T07:12:02-07:00" level=info msg=NewConnection DisableClientMultiStatements=false connectionID=330
time="2026-09-03T07:12:02-07:00" level=info msg=ConnectionClosed connectionID=330
time="2026-09-03T07:12:02-07:00" level=info msg=NewConnection DisableClientMultiStatements=false connectionID=331
time="2026-09-03T07:12:02-07:00" level=info msg=NewConnection DisableClientMultiStatements=false connectionID=332
time="2026-09-03T07:12:02-07:00" level=info msg=ConnectionClosed connectionID=331
time="2026-09-03T07:12:02-07:00" level=info msg=NewConnection DisableClientMultiStatements=false connectionID=333
time="2026-09-03T07:12:02-07:00" level=info msg=ConnectionClosed connectionID=333
time="2026-09-03T07:12:02-07:00" level=info msg=ConnectionClosed connectionID=332
time="2026-09-03T07:12:02-07:00" level=info msg=NewConnection DisableClientMultiStatements=false connectionID=334
time="2026-09-03T07:12:02-07:00" level=info msg=ConnectionClosed connectionID=334
time="2026-09-03T07:12:02-07:00" level=info msg=NewConnection DisableClientMultiStatements=false connectionID=335
time="2026-09-03T07:12:02-07:00" level=info msg=ConnectionClosed connectionID=335
time="2026-09-03T07:12:02-07:00" level=info msg=NewConnection DisableClientMultiStatements=false connectionID=336
time="2026-09-03T07:12:02-07:00" level=info msg=ConnectionClosed connectionID=336
time="2026-09-03T07:12:02-07:00" level=info msg=NewConnection DisableClientMultiStatements=false connectionID=337
time="2026-09-03T07:12:02-07:00" level=info msg=ConnectionClosed connectionID=337
time="2026-09-03T07:12:02-07:00" level=info msg=NewConnection DisableClientMultiStatements=false connectionID=338
time="2026-09-03T07:12:02-07:00" level=info msg=ConnectionClosed connectionID=338
time="2026-09-03T07:12:02-07:00" level=info msg=NewConnection DisableClientMultiStatements=false connectionID=339
time="2026-09-03T07:12:02-07:00" level=info msg=ConnectionClosed connectionID=339
time="2026-09-03T07:12:02-07:00" level=info msg=NewConnection DisableClientMultiStatements=false connectionID=340
time="2026-09-03T07:12:02-07:00" level=info msg=ConnectionClosed connectionID=340
time="2026-09-03T07:12:02-07:00" level=info msg=NewConnection DisableClientMultiStatements=false connectionID=341
time="2026-09-03T07:12:02-07:00" level=info msg=ConnectionClosed connectionID=341
time="2026-09-03T07:12:02-07:00" level=info msg=NewConnection DisableClientMultiStatements=false connectionID=342
time="2026-09-03T07:12:02-07:00" level=info msg=ConnectionClosed connectionID=342
time="2026-09-03T07:12:02-07:00" level=info msg=NewConnection DisableClientMultiStatements=false connectionID=343
time="2026-09-03T07:12:02-07:00" level=info msg=ConnectionClosed connectionID=343
time="2026-09-03T07:12:03-07:00" level=info msg=NewConnection DisableClientMultiStatements=false connectionID=344
time="2026-09-03T07:12:03-07:00" level=info msg=ConnectionClosed connectionID=344
time="2026-09-03T07:12:03-07:00" level=info msg=NewConnection DisableClientMultiStatements=false connectionID=345
time="2026-09-03T07:12:03-07:00" level=info msg=NewConnection DisableClientMultiStatements=false connectionID=346
time="2026-09-03T07:12:03-07:00" level=info msg=ConnectionClosed connectionID=345
time="2026-09-03T07:12:03-07:00" level=info msg=NewConnection DisableClientMultiStatements=false connectionID=347
time="2026-09-03T07:12:03-07:00" level=info msg=ConnectionClosed connectionID=347
time="2026-09-03T07:12:03-07:00" level=info msg=ConnectionClosed connectionID=346
time="2026-09-03T07:12:03-07:00" level=info msg=NewConnection DisableClientMultiStatements=false connectionID=348
time="2026-09-03T07:12:03-07:00" level=info msg=ConnectionClosed connectionID=348
time="2026-09-03T07:12:03-07:00" level=info msg=NewConnection DisableClientMultiStatements=false connectionID=349
time="2026-09-03T07:12:03-07:00" level=info msg=ConnectionClosed connectionID=349
time="2026-09-03T07:12:03-07:00" level=info msg=NewConnection DisableClientMultiStatements=false connectionID=350
time="2026-09-03T07:12:03-07:00" level=info msg=ConnectionClosed connectionID=350
time="2026-09-03T07:12:03-07:00" level=info msg=NewConnection DisableClientMultiStatements=false connectionID=351
time="2026-09-03T07:12:03-07:00" level=info msg=ConnectionClosed connectionID=351
time="2026-09-03T07:12:03-07:00" level=info msg=NewConnection DisableClientMultiStatements=false connectionID=352
time="2026-09-03T07:12:03-07:00" level=info msg=NewConnection DisableClientMultiStatements=false connectionID=353
time="2026-09-03T07:12:03-07:00" level=info msg=ConnectionClosed connectionID=352
time="2026-09-03T07:12:03-07:00" level=info msg=ConnectionClosed connectionID=353
time="2026-09-03T07:12:03-07:00" level=info msg=NewConnection DisableClientMultiStatements=false connectionID=354
time="2026-09-03T07:12:03-07:00" level=info msg=ConnectionClosed connectionID=354
time="2026-09-03T07:12:03-07:00" level=info msg=NewConnection DisableClientMultiStatements=false connectionID=355
time="2026-09-03T07:12:03-07:00" level=info msg=ConnectionClosed connectionID=355
time="2026-09-03T07:12:03-07:00" level=info msg=NewConnection DisableClientMultiStatements=false connectionID=356
time="2026-09-03T07:12:03-07:00" level=info msg=ConnectionClosed connectionID=356
time="2026-09-03T07:12:03-07:00" level=info msg=NewConnection DisableClientMultiStatements=false connectionID=357
time="2026-09-03T07:12:03-07:00" level=info msg=ConnectionClosed connectionID=357
time="2026-09-03T07:12:03-07:00" level=info msg=NewConnection DisableClientMultiStatements=false connectionID=358
time="2026-09-03T07:12:03-07:00" level=info msg=ConnectionClosed connectionID=358
time="2026-09-03T07:12:03-07:00" level=info msg=NewConnection DisableClientMultiStatements=false connectionID=359
time="2026-09-03T07:12:03-07:00" level=info msg=ConnectionClosed connectionID=359
time="2026-09-03T07:12:03-07:00" level=info msg=NewConnection DisableClientMultiStatements=false connectionID=360
time="2026-09-03T07:12:03-07:00" level=info msg=ConnectionClosed connectionID=360
time="2026-09-03T07:12:03-07:00" level=info msg=NewConnection DisableClientMultiStatements=false connectionID=361
time="2026-09-03T07:12:03-07:00" level=info msg=ConnectionClosed connectionID=361
time="2026-09-03T07:12:04-07:00" level=info msg=NewConnection DisableClientMultiStatements=false connectionID=362
time="2026-09-03T07:12:04-07:00" level=info msg=ConnectionClosed connectionID=362
time="2026-09-03T07:12:04-07:00" level=info msg=NewConnection DisableClientMultiStatements=false connectionID=363
time="2026-09-03T07:12:04-07:00" level=info msg=NewConnection DisableClientMultiStatements=false connectionID=364
time="2026-09-03T07:12:04-07:00" level=info msg=ConnectionClosed connectionID=363
time="2026-09-03T07:12:04-07:00" level=info msg=NewConnection DisableClientMultiStatements=false connectionID=365
time="2026-09-03T07:12:04-07:00" level=info msg=ConnectionClosed connectionID=365
time="2026-09-03T07:12:04-07:00" level=info msg=ConnectionClosed connectionID=364
time="2026-09-03T07:12:04-07:00" level=info msg=NewConnection DisableClientMultiStatements=false connectionID=366
time="2026-09-03T07:12:04-07:00" level=info msg=ConnectionClosed connectionID=366
time="2026-09-03T07:12:04-07:00" level=info msg=NewConnection DisableClientMultiStatements=false connectionID=367
time="2026-09-03T07:12:04-07:00" level=info msg=ConnectionClosed connectionID=367
time="2026-09-03T07:12:04-07:00" level=info msg=NewConnection DisableClientMultiStatements=false connectionID=368
time="2026-09-03T07:12:04-07:00" level=info msg=ConnectionClosed connectionID=368
time="2026-09-03T07:12:04-07:00" level=info msg=NewConnection DisableClientMultiStatements=false connectionID=369
time="2026-09-03T07:12:04-07:00" level=info msg=ConnectionClosed connectionID=369
time="2026-09-03T07:12:04-07:00" level=info msg=NewConnection DisableClientMultiStatements=false connectionID=370
time="2026-09-03T07:12:04-07:00" level=info msg=ConnectionClosed connectionID=370
time="2026-09-03T07:12:04-07:00" level=info msg=NewConnection DisableClientMultiStatements=false connectionID=371
time="2026-09-03T07:12:04-07:00" level=info msg=ConnectionClosed connectionID=371
time="2026-09-03T07:12:04-07:00" level=info msg=NewConnection DisableClientMultiStatements=false connectionID=372
time="2026-09-03T07:12:04-07:00" level=info msg=ConnectionClosed connectionID=372
time="2026-09-03T07:12:04-07:00" level=info msg=NewConnection DisableClientMultiStatements=false connectionID=373
time="2026-09-03T07:12:04-07:00" level=info msg=ConnectionClosed connectionID=373
time="2026-09-03T07:12:04-07:00" level=info msg=NewConnection DisableClientMultiStatements=false connectionID=374
time="2026-09-03T07:12:04-07:00" level=info msg=NewConnection DisableClientMultiStatements=false connectionID=375
time="2026-09-03T07:12:04-07:00" level=info msg=ConnectionClosed connectionID=374
time="2026-09-03T07:12:04-07:00" level=info msg=ConnectionClosed connectionID=375
time="2026-09-03T07:12:04-07:00" level=info msg=NewConnection DisableClientMultiStatements=false connectionID=376
time="2026-09-03T07:12:04-07:00" level=info msg=ConnectionClosed connectionID=376
time="2026-09-03T07:12:04-07:00" level=info msg=NewConnection DisableClientMultiStatements=false connectionID=377
time="2026-09-03T07:12:04-07:00" level=info msg=ConnectionClosed connectionID=377
time="2026-09-03T07:12:04-07:00" level=info msg=NewConnection DisableClientMultiStatements=false connectionID=378
time="2026-09-03T07:12:04-07:00" level=info msg=ConnectionClosed connectionID=378
time="2026-09-03T07:12:04-07:00" level=info msg=NewConnection DisableClientMultiStatements=false connectionID=379
time="2026-09-03T07:12:04-07:00" level=info msg=ConnectionClosed connectionID=379
time="2026-09-03T07:12:04-07:00" level=info msg=NewConnection DisableClientMultiStatements=false connectionID=380
time="2026-09-03T07:12:04-07:00" level=info msg=ConnectionClosed connectionID=380
time="2026-09-03T07:12:05-07:00" level=info msg=NewConnection DisableClientMultiStatements=false connectionID=381
time="2026-09-03T07:12:05-07:00" level=info msg=NewConnection DisableClientMultiStatements=false connectionID=382
time="2026-09-03T07:12:05-07:00" level=info msg=ConnectionClosed connectionID=381
time="2026-09-03T07:12:05-07:00" level=info msg=NewConnection DisableClientMultiStatements=false connectionID=383
time="2026-09-03T07:12:05-07:00" level=info msg=ConnectionClosed connectionID=382
time="2026-09-03T07:12:05-07:00" level=info msg=ConnectionClosed connectionID=383
time="2026-09-03T07:12:05-07:00" level=info msg=NewConnection DisableClientMultiStatements=false connectionID=384
time="2026-09-03T07:12:05-07:00" level=info msg=ConnectionClosed connectionID=384
time="2026-09-03T07:12:05-07:00" level=info msg=NewConnection DisableClientMultiStatements=false connectionID=385
time="2026-09-03T07:12:05-07:00" level=info msg=ConnectionClosed connectionID=385
time="2026-09-03T07:12:05-07:00" level=info msg=NewConnection DisableClientMultiStatements=false connectionID=386
time="2026-09-03T07:12:05-07:00" level=info msg=NewConnection DisableClientMultiStatements=false connectionID=387
time="2026-09-03T07:12:05-07:00" level=info msg=ConnectionClosed connectionID=386
time="2026-09-03T07:12:05-07:00" level=info msg=NewConnection DisableClientMultiStatements=false connectionID=388
time="2026-09-03T07:12:05-07:00" level=info msg=ConnectionClosed connectionID=388
time="2026-09-03T07:12:05-07:00" level=info msg=ConnectionClosed connectionID=387
time="2026-09-03T07:12:05-07:00" level=info msg=NewConnection DisableClientMultiStatements=false connectionID=389
time="2026-09-03T07:12:05-07:00" level=info msg=ConnectionClosed connectionID=389
time="2026-09-03T07:12:05-07:00" level=info msg=NewConnection DisableClientMultiStatements=false connectionID=390
time="2026-09-03T07:12:05-07:00" level=info msg=ConnectionClosed connectionID=390
time="2026-09-03T07:12:05-07:00" level=info msg=NewConnection DisableClientMultiStatements=false connectionID=391
time="2026-09-03T07:12:05-07:00" level=info msg=ConnectionClosed connectionID=391
time="2026-09-03T07:12:05-07:00" level=info msg=NewConnection DisableClientMultiStatements=false connectionID=392
time="2026-09-03T07:12:05-07:00" level=info msg=ConnectionClosed connectionID=392
time="2026-09-03T07:12:05-07:00" level=info msg=NewConnection DisableClientMultiStatements=false connectionID=393
time="2026-09-03T07:12:05-07:00" level=info msg=NewConnection DisableClientMultiStatements=false connectionID=394
time="2026-09-03T07:12:05-07:00" level=info msg=ConnectionClosed connectionID=393
time="2026-09-03T07:12:05-07:00" level=info msg=NewConnection DisableClientMultiStatements=false connectionID=395
time="2026-09-03T07:12:05-07:00" level=info msg=ConnectionClosed connectionID=395
time="2026-09-03T07:12:05-07:00" level=info msg=ConnectionClosed connectionID=394
time="2026-09-03T07:12:05-07:00" level=info msg=NewConnection DisableClientMultiStatements=false connectionID=396
time="2026-09-03T07:12:05-07:00" level=info msg=ConnectionClosed connectionID=396
time="2026-09-03T07:12:05-07:00" level=info msg=NewConnection DisableClientMultiStatements=false connectionID=397
time="2026-09-03T07:12:05-07:00" level=info msg=ConnectionClosed connectionID=397
time="2026-09-03T07:12:05-07:00" level=info msg=NewConnection DisableClientMultiStatements=false connectionID=398
time="2026-09-03T07:12:05-07:00" level=info msg=ConnectionClosed connectionID=398
time="2026-09-03T07:12:05-07:00" level=info msg=NewConnection DisableClientMultiStatements=false connectionID=399
time="2026-09-03T07:12:05-07:00" level=info msg=ConnectionClosed connectionID=399
time="2026-09-03T07:12:05-07:00" level=info msg=NewConnection DisableClientMultiStatements=false connectionID=400
time="2026-09-03T07:12:05-07:00" level=info msg=ConnectionClosed connectionID=400
time="2026-09-03T07:12:06-07:00" level=info msg=NewConnection DisableClientMultiStatements=false connectionID=401
time="2026-09-03T07:12:06-07:00" level=info msg=ConnectionClosed connectionID=401
time="2026-09-03T07:12:06-07:00" level=info msg=NewConnection DisableClientMultiStatements=false connectionID=402
time="2026-09-03T07:12:06-07:00" level=info msg=NewConnection DisableClientMultiStatements=false connectionID=403
time="2026-09-03T07:12:06-07:00" level=info msg=ConnectionClosed connectionID=402
time="2026-09-03T07:12:06-07:00" level=info msg=NewConnection DisableClientMultiStatements=false connectionID=404
time="2026-09-03T07:12:06-07:00" level=info msg=ConnectionClosed connectionID=404
time="2026-09-03T07:12:06-07:00" level=info msg=ConnectionClosed connectionID=403
time="2026-09-03T07:12:06-07:00" level=info msg=NewConnection DisableClientMultiStatements=false connectionID=405
time="2026-09-03T07:12:06-07:00" level=info msg=ConnectionClosed connectionID=405
time="2026-09-03T07:12:06-07:00" level=info msg=NewConnection DisableClientMultiStatements=false connectionID=406
time="2026-09-03T07:12:06-07:00" level=info msg=ConnectionClosed connectionID=406
time="2026-09-03T07:12:06-07:00" level=info msg=NewConnection DisableClientMultiStatements=false connectionID=407
time="2026-09-03T07:12:06-07:00" level=info msg=ConnectionClosed connectionID=407
time="2026-09-03T07:12:06-07:00" level=info msg=NewConnection DisableClientMultiStatements=false connectionID=408
time="2026-09-03T07:12:06-07:00" level=info msg=ConnectionClosed connectionID=408
time="2026-09-03T07:12:06-07:00" level=info msg=NewConnection DisableClientMultiStatements=false connectionID=409
time="2026-09-03T07:12:06-07:00" level=info msg=ConnectionClosed connectionID=409
time="2026-09-03T07:12:06-07:00" level=info msg=NewConnection DisableClientMultiStatements=false connectionID=410
time="2026-09-03T07:12:06-07:00" level=info msg=ConnectionClosed connectionID=410
time="2026-09-03T07:12:06-07:00" level=info msg=NewConnection DisableClientMultiStatements=false connectionID=411
time="2026-09-03T07:12:06-07:00" level=info msg=NewConnection DisableClientMultiStatements=false connectionID=412
time="2026-09-03T07:12:06-07:00" level=info msg=ConnectionClosed connectionID=411
time="2026-09-03T07:12:06-07:00" level=info msg=NewConnection DisableClientMultiStatements=false connectionID=413
time="2026-09-03T07:12:06-07:00" level=info msg=ConnectionClosed connectionID=413
time="2026-09-03T07:12:06-07:00" level=info msg=ConnectionClosed connectionID=412
time="2026-09-03T07:12:06-07:00" level=info msg=NewConnection DisableClientMultiStatements=false connectionID=414
time="2026-09-03T07:12:06-07:00" level=info msg=ConnectionClosed connectionID=414
time="2026-09-03T07:12:06-07:00" level=info msg=NewConnection DisableClientMultiStatements=false connectionID=415
time="2026-09-03T07:12:06-07:00" level=info msg=ConnectionClosed connectionID=415
time="2026-09-03T07:12:06-07:00" level=info msg=NewConnection DisableClientMultiStatements=false connectionID=416
time="2026-09-03T07:12:06-07:00" level=info msg=ConnectionClosed connectionID=416
time="2026-09-03T07:12:06-07:00" level=info msg=NewConnection DisableClientMultiStatements=false connectionID=417
time="2026-09-03T07:12:06-07:00" level=info msg=ConnectionClosed connectionID=417
time="2026-09-03T07:12:06-07:00" level=info msg=NewConnection DisableClientMultiStatements=false connectionID=418
time="2026-09-03T07:12:06-07:00" level=info msg=ConnectionClosed connectionID=418
time="2026-09-03T07:12:06-07:00" level=info msg=NewConnection DisableClientMultiStatements=false connectionID=419
time="2026-09-03T07:12:06-07:00" level=info msg=ConnectionClosed connectionID=419
time="2026-09-03T07:12:06-07:00" level=info msg=NewConnection DisableClientMultiStatements=false connectionID=420
time="2026-09-03T07:12:06-07:00" level=info msg=ConnectionClosed connectionID=420
time="2026-09-03T07:12:06-07:00" level=info msg=NewConnection DisableClientMultiStatements=false connectionID=421
time="2026-09-03T07:12:06-07:00" level=info msg=ConnectionClosed connectionID=421
time="2026-09-03T07:12:07-07:00" level=info msg=NewConnection DisableClientMultiStatements=false connectionID=422
time="2026-09-03T07:12:07-07:00" level=info msg=ConnectionClosed connectionID=422
time="2026-09-03T07:12:07-07:00" level=info msg=NewConnection DisableClientMultiStatements=false connectionID=423
time="2026-09-03T07:12:07-07:00" level=info msg=NewConnection DisableClientMultiStatements=false connectionID=424
time="2026-09-03T07:12:07-07:00" level=info msg=ConnectionClosed connectionID=423
time="2026-09-03T07:12:07-07:00" level=info msg=NewConnection DisableClientMultiStatements=false connectionID=425
time="2026-09-03T07:12:07-07:00" level=info msg=ConnectionClosed connectionID=425
time="2026-09-03T07:12:07-07:00" level=info msg=ConnectionClosed connectionID=424
time="2026-09-03T07:12:07-07:00" level=info msg=NewConnection DisableClientMultiStatements=false connectionID=426
time="2026-09-03T07:12:07-07:00" level=info msg=ConnectionClosed connectionID=426
time="2026-09-03T07:12:07-07:00" level=info msg=NewConnection DisableClientMultiStatements=false connectionID=427
time="2026-09-03T07:12:07-07:00" level=info msg=ConnectionClosed connectionID=427
time="2026-09-03T07:12:07-07:00" level=info msg=NewConnection DisableClientMultiStatements=false connectionID=428
time="2026-09-03T07:12:07-07:00" level=info msg=ConnectionClosed connectionID=428
time="2026-09-03T07:12:07-07:00" level=info msg=NewConnection DisableClientMultiStatements=false connectionID=429
time="2026-09-03T07:12:07-07:00" level=info msg=ConnectionClosed connectionID=429
time="2026-09-03T07:12:07-07:00" level=info msg=NewConnection DisableClientMultiStatements=false connectionID=430
time="2026-09-03T07:12:07-07:00" level=info msg=ConnectionClosed connectionID=430
time="2026-09-03T07:12:07-07:00" level=info msg=NewConnection DisableClientMultiStatements=false connectionID=431
time="2026-09-03T07:12:07-07:00" level=info msg=ConnectionClosed connectionID=431
time="2026-09-03T07:12:07-07:00" level=info msg=NewConnection DisableClientMultiStatements=false connectionID=432
time="2026-09-03T07:12:07-07:00" level=info msg=NewConnection DisableClientMultiStatements=false connectionID=433
time="2026-09-03T07:12:07-07:00" level=info msg=ConnectionClosed connectionID=432
time="2026-09-03T07:12:07-07:00" level=info msg=NewConnection DisableClientMultiStatements=false connectionID=434
time="2026-09-03T07:12:07-07:00" level=info msg=ConnectionClosed connectionID=434
time="2026-09-03T07:12:07-07:00" level=info msg=ConnectionClosed connectionID=433
time="2026-09-03T07:12:07-07:00" level=info msg=NewConnection DisableClientMultiStatements=false connectionID=435
time="2026-09-03T07:12:07-07:00" level=info msg=ConnectionClosed connectionID=435
time="2026-09-03T07:12:07-07:00" level=info msg=NewConnection DisableClientMultiStatements=false connectionID=436
time="2026-09-03T07:12:07-07:00" level=info msg=ConnectionClosed connectionID=436
time="2026-09-03T07:12:07-07:00" level=info msg=NewConnection DisableClientMultiStatements=false connectionID=437
time="2026-09-03T07:12:07-07:00" level=info msg=ConnectionClosed connectionID=437
time="2026-09-03T07:12:07-07:00" level=info msg=NewConnection DisableClientMultiStatements=false connectionID=438
time="2026-09-03T07:12:07-07:00" level=info msg=ConnectionClosed connectionID=438
time="2026-09-03T07:12:07-07:00" level=info msg=NewConnection DisableClientMultiStatements=false connectionID=439
time="2026-09-03T07:12:07-07:00" level=info msg=ConnectionClosed connectionID=439
time="2026-09-03T07:12:08-07:00" level=info msg=NewConnection DisableClientMultiStatements=false connectionID=440
time="2026-09-03T07:12:08-07:00" level=info msg=ConnectionClosed connectionID=440
time="2026-09-03T07:12:08-07:00" level=info msg=NewConnection DisableClientMultiStatements=false connectionID=441
time="2026-09-03T07:12:08-07:00" level=info msg=ConnectionClosed connectionID=441
time="2026-09-03T07:12:08-07:00" level=info msg=NewConnection DisableClientMultiStatements=false connectionID=442
time="2026-09-03T07:12:08-07:00" level=info msg=NewConnection DisableClientMultiStatements=false connectionID=443
time="2026-09-03T07:12:08-07:00" level=info msg=ConnectionClosed connectionID=442
time="2026-09-03T07:12:08-07:00" level=info msg=NewConnection DisableClientMultiStatements=false connectionID=444
time="2026-09-03T07:12:08-07:00" level=info msg=ConnectionClosed connectionID=444
time="2026-09-03T07:12:08-07:00" level=info msg=ConnectionClosed connectionID=443
time="2026-09-03T07:12:08-07:00" level=info msg=NewConnection DisableClientMultiStatements=false connectionID=445
time="2026-09-03T07:12:08-07:00" level=info msg=ConnectionClosed connectionID=445
time="2026-09-03T07:12:08-07:00" level=info msg=NewConnection DisableClientMultiStatements=false connectionID=446
time="2026-09-03T07:12:08-07:00" level=info msg=ConnectionClosed connectionID=446
time="2026-09-03T07:12:08-07:00" level=info msg=NewConnection DisableClientMultiStatements=false connectionID=447
time="2026-09-03T07:12:08-07:00" level=info msg=ConnectionClosed connectionID=447
time="2026-09-03T07:12:08-07:00" level=info msg=NewConnection DisableClientMultiStatements=false connectionID=448
time="2026-09-03T07:12:08-07:00" level=info msg=ConnectionClosed connectionID=448
time="2026-09-03T07:12:08-07:00" level=info msg=NewConnection DisableClientMultiStatements=false connectionID=449
time="2026-09-03T07:12:08-07:00" level=info msg=NewConnection DisableClientMultiStatements=false connectionID=450
time="2026-09-03T07:12:08-07:00" level=info msg=ConnectionClosed connectionID=449
time="2026-09-03T07:12:08-07:00" level=info msg=NewConnection DisableClientMultiStatements=false connectionID=451
time="2026-09-03T07:12:08-07:00" level=info msg=ConnectionClosed connectionID=451
time="2026-09-03T07:12:08-07:00" level=info msg=ConnectionClosed connectionID=450
time="2026-09-03T07:12:08-07:00" level=info msg=NewConnection DisableClientMultiStatements=false connectionID=452
time="2026-09-03T07:12:08-07:00" level=info msg=ConnectionClosed connectionID=452
time="2026-09-03T07:12:08-07:00" level=info msg=NewConnection DisableClientMultiStatements=false connectionID=453
time="2026-09-03T07:12:08-07:00" level=info msg=ConnectionClosed connectionID=453
time="2026-09-03T07:12:09-07:00" level=info msg=NewConnection DisableClientMultiStatements=false connectionID=454
time="2026-09-03T07:12:09-07:00" level=info msg=ConnectionClosed connectionID=454
time="2026-09-03T07:12:09-07:00" level=info msg=NewConnection DisableClientMultiStatements=false connectionID=455
time="2026-09-03T07:12:09-07:00" level=info msg=NewConnection DisableClientMultiStatements=false connectionID=456
time="2026-09-03T07:12:09-07:00" level=info msg=ConnectionClosed connectionID=455
time="2026-09-03T07:12:09-07:00" level=info msg=ConnectionClosed connectionID=456
time="2026-09-03T07:12:09-07:00" level=info msg=NewConnection DisableClientMultiStatements=false connectionID=457
time="2026-09-03T07:12:09-07:00" level=info msg=ConnectionClosed connectionID=457
time="2026-09-03T07:12:09-07:00" level=info msg=NewConnection DisableClientMultiStatements=false connectionID=458
time="2026-09-03T07:12:09-07:00" level=info msg=NewConnection DisableClientMultiStatements=false connectionID=459
time="2026-09-03T07:12:09-07:00" level=info msg=ConnectionClosed connectionID=458
time="2026-09-03T07:12:09-07:00" level=info msg=ConnectionClosed connectionID=459
time="2026-09-03T07:12:09-07:00" level=info msg=NewConnection DisableClientMultiStatements=false connectionID=460
time="2026-09-03T07:12:09-07:00" level=info msg=ConnectionClosed connectionID=460
time="2026-09-03T07:12:09-07:00" level=info msg=NewConnection DisableClientMultiStatements=false connectionID=461
time="2026-09-03T07:12:09-07:00" level=info msg=ConnectionClosed connectionID=461
time="2026-09-03T07:12:09-07:00" level=info msg=NewConnection DisableClientMultiStatements=false connectionID=462
time="2026-09-03T07:12:09-07:00" level=info msg=NewConnection DisableClientMultiStatements=false connectionID=463
time="2026-09-03T07:12:09-07:00" level=info msg=ConnectionClosed connectionID=462
time="2026-09-03T07:12:09-07:00" level=info msg=NewConnection DisableClientMultiStatements=false connectionID=464
time="2026-09-03T07:12:09-07:00" level=info msg=ConnectionClosed connectionID=464
time="2026-09-03T07:12:09-07:00" level=info msg=ConnectionClosed connectionID=463
time="2026-09-03T07:12:09-07:00" level=info msg=NewConnection DisableClientMultiStatements=false connectionID=465
time="2026-09-03T07:12:09-07:00" level=info msg=ConnectionClosed connectionID=465
time="2026-09-03T07:12:09-07:00" level=info msg=NewConnection DisableClientMultiStatements=false connectionID=466
time="2026-09-03T07:12:09-07:00" level=info msg=ConnectionClosed connectionID=466
time="2026-09-03T07:12:09-07:00" level=info msg=NewConnection DisableClientMultiStatements=false connectionID=467
time="2026-09-03T07:12:09-07:00" level=info msg=ConnectionClosed connectionID=467
time="2026-09-03T07:12:09-07:00" level=info msg=NewConnection DisableClientMultiStatements=false connectionID=468
time="2026-09-03T07:12:09-07:00" level=info msg=ConnectionClosed connectionID=468
time="2026-09-03T07:12:09-07:00" level=info msg=NewConnection DisableClientMultiStatements=false connectionID=469
time="2026-09-03T07:12:09-07:00" level=info msg=ConnectionClosed connectionID=469
time="2026-09-03T07:12:10-07:00" level=info msg=NewConnection DisableClientMultiStatements=false connectionID=470
time="2026-09-03T07:12:10-07:00" level=info msg=ConnectionClosed connectionID=470
time="2026-09-03T07:12:10-07:00" level=info msg=NewConnection DisableClientMultiStatements=false connectionID=471
time="2026-09-03T07:12:10-07:00" level=info msg=ConnectionClosed connectionID=471
time="2026-09-03T07:12:10-07:00" level=info msg=NewConnection DisableClientMultiStatements=false connectionID=472
time="2026-09-03T07:12:10-07:00" level=info msg=ConnectionClosed connectionID=472
time="2026-09-03T07:12:10-07:00" level=info msg=NewConnection DisableClientMultiStatements=false connectionID=473
time="2026-09-03T07:12:10-07:00" level=info msg=ConnectionClosed connectionID=473
time="2026-09-03T07:12:10-07:00" level=info msg=NewConnection DisableClientMultiStatements=false connectionID=474
time="2026-09-03T07:12:10-07:00" level=info msg=ConnectionClosed connectionID=474
time="2026-09-03T07:12:10-07:00" level=info msg=NewConnection DisableClientMultiStatements=false connectionID=475
time="2026-09-03T07:12:10-07:00" level=info msg=ConnectionClosed connectionID=475
time="2026-09-03T07:12:10-07:00" level=info msg=NewConnection DisableClientMultiStatements=false connectionID=476
time="2026-09-03T07:12:10-07:00" level=info msg=ConnectionClosed connectionID=476
time="2026-09-03T07:12:10-07:00" level=info msg=NewConnection DisableClientMultiStatements=false connectionID=477
time="2026-09-03T07:12:10-07:00" level=info msg=ConnectionClosed connectionID=477
time="2026-09-03T07:12:10-07:00" level=info msg=NewConnection DisableClientMultiStatements=false connectionID=478
time="2026-09-03T07:12:10-07:00" level=info msg=ConnectionClosed connectionID=478
time="2026-09-03T07:12:10-07:00" level=info msg=NewConnection DisableClientMultiStatements=false connectionID=479
time="2026-09-03T07:12:10-07:00" level=info msg=ConnectionClosed connectionID=479
time="2026-09-03T07:12:10-07:00" level=info msg=NewConnection DisableClientMultiStatements=false connectionID=480
time="2026-09-03T07:12:10-07:00" level=info msg=ConnectionClosed connectionID=480
time="2026-09-03T07:12:10-07:00" level=info msg=NewConnection DisableClientMultiStatements=false connectionID=481
time="2026-09-03T07:12:10-07:00" level=info msg=ConnectionClosed connectionID=481
time="2026-09-03T07:12:10-07:00" level=info msg=NewConnection DisableClientMultiStatements=false connectionID=482
time="2026-09-03T07:12:10-07:00" level=info msg=ConnectionClosed connectionID=482
time="2026-09-03T07:12:10-07:00" level=info msg=NewConnection DisableClientMultiStatements=false connectionID=483
time="2026-09-03T07:12:10-07:00" level=info msg=ConnectionClosed connectionID=483
time="2026-09-03T07:12:10-07:00" level=info msg=NewConnection DisableClientMultiStatements=false connectionID=484
time="2026-09-03T07:12:10-07:00" level=info msg=ConnectionClosed connectionID=484
time="2026-09-03T07:12:10-07:00" level=info msg=NewConnection DisableClientMultiStatements=false connectionID=485
time="2026-09-03T07:12:10-07:00" level=info msg=ConnectionClosed connectionID=485
time="2026-09-03T07:12:10-07:00" level=info msg=NewConnection DisableClientMultiStatements=false connectionID=486
time="2026-09-03T07:12:10-07:00" level=info msg=ConnectionClosed connectionID=486
time="2026-09-03T07:12:10-07:00" level=info msg=NewConnection DisableClientMultiStatements=false connectionID=487
time="2026-09-03T07:12:10-07:00" level=info msg=ConnectionClosed connectionID=487
time="2026-09-03T07:12:10-07:00" level=info msg=NewConnection DisableClientMultiStatements=false connectionID=488
time="2026-09-03T07:12:10-07:00" level=info msg=ConnectionClosed connectionID=488
time="2026-09-03T07:12:10-07:00" level=info msg=NewConnection DisableClientMultiStatements=false connectionID=489
time="2026-09-03T07:12:10-07:00" level=info msg=ConnectionClosed connectionID=489
time="2026-09-03T07:12:10-07:00" level=info msg=NewConnection DisableClientMultiStatements=false connectionID=490
time="2026-09-03T07:12:10-07:00" level=info msg=ConnectionClosed connectionID=490
time="2026-09-03T07:12:10-07:00" level=info msg=NewConnection DisableClientMultiStatements=false connectionID=491
time="2026-09-03T07:12:10-07:00" level=info msg=ConnectionClosed connectionID=491
time="2026-09-03T07:12:10-07:00" level=info msg=NewConnection DisableClientMultiStatements=false connectionID=492
time="2026-09-03T07:12:10-07:00" level=info msg=ConnectionClosed connectionID=492
time="2026-09-03T07:12:10-07:00" level=info msg=NewConnection DisableClientMultiStatements=false connectionID=493
time="2026-09-03T07:12:10-07:00" level=info msg=ConnectionClosed connectionID=493
time="2026-09-03T07:12:10-07:00" level=info msg=NewConnection DisableClientMultiStatements=false connectionID=494
time="2026-09-03T07:12:10-07:00" level=info msg=ConnectionClosed connectionID=494
time="2026-09-03T07:12:10-07:00" level=info msg=NewConnection DisableClientMultiStatements=false connectionID=495
time="2026-09-03T07:12:10-07:00" level=info msg=ConnectionClosed connectionID=495
time="2026-09-03T07:12:11-07:00" level=info msg=NewConnection DisableClientMultiStatements=false connectionID=496
time="2026-09-03T07:12:11-07:00" level=info msg=ConnectionClosed connectionID=496
time="2026-09-03T07:12:11-07:00" level=info msg=NewConnection DisableClientMultiStatements=false connectionID=497
time="2026-09-03T07:12:11-07:00" level=info msg=NewConnection DisableClientMultiStatements=false connectionID=498
time="2026-09-03T07:12:11-07:00" level=info msg=ConnectionClosed connectionID=497
time="2026-09-03T07:12:11-07:00" level=info msg=NewConnection DisableClientMultiStatements=false connectionID=499
time="2026-09-03T07:12:11-07:00" level=info msg=ConnectionClosed connectionID=499
time="2026-09-03T07:12:11-07:00" level=info msg=ConnectionClosed connectionID=498
time="2026-09-03T07:12:11-07:00" level=info msg=NewConnection DisableClientMultiStatements=false connectionID=500
time="2026-09-03T07:12:11-07:00" level=info msg=ConnectionClosed connectionID=500
time="2026-09-03T07:12:11-07:00" level=info msg=NewConnection DisableClientMultiStatements=false connectionID=501
time="2026-09-03T07:12:11-07:00" level=info msg=ConnectionClosed connectionID=501
time="2026-09-03T07:12:11-07:00" level=info msg=NewConnection DisableClientMultiStatements=false connectionID=502
time="2026-09-03T07:12:11-07:00" level=info msg=ConnectionClosed connectionID=502
time="2026-09-03T07:12:11-07:00" level=info msg=NewConnection DisableClientMultiStatements=false connectionID=503
time="2026-09-03T07:12:11-07:00" level=info msg=ConnectionClosed connectionID=503
time="2026-09-03T07:12:11-07:00" level=info msg=NewConnection DisableClientMultiStatements=false connectionID=504
time="2026-09-03T07:12:11-07:00" level=info msg=ConnectionClosed connectionID=504
time="2026-09-03T07:12:11-07:00" level=info msg=NewConnection DisableClientMultiStatements=false connectionID=505
time="2026-09-03T07:12:11-07:00" level=info msg=ConnectionClosed connectionID=505
time="2026-09-03T07:12:11-07:00" level=info msg=NewConnection DisableClientMultiStatements=false connectionID=506
time="2026-09-03T07:12:11-07:00" level=info msg=NewConnection DisableClientMultiStatements=false connectionID=507
time="2026-09-03T07:12:11-07:00" level=info msg=ConnectionClosed connectionID=506
time="2026-09-03T07:12:11-07:00" level=info msg=NewConnection DisableClientMultiStatements=false connectionID=508
time="2026-09-03T07:12:11-07:00" level=info msg=ConnectionClosed connectionID=508
time="2026-09-03T07:12:11-07:00" level=info msg=ConnectionClosed connectionID=507
time="2026-09-03T07:12:11-07:00" level=info msg=NewConnection DisableClientMultiStatements=false connectionID=509
time="2026-09-03T07:12:11-07:00" level=info msg=ConnectionClosed connectionID=509
time="2026-09-03T07:12:11-07:00" level=info msg=NewConnection DisableClientMultiStatements=false connectionID=510
time="2026-09-03T07:12:11-07:00" level=info msg=ConnectionClosed connectionID=510
time="2026-09-03T07:12:11-07:00" level=info msg=NewConnection DisableClientMultiStatements=false connectionID=511
time="2026-09-03T07:12:11-07:00" level=info msg=ConnectionClosed connectionID=511
time="2026-09-03T07:12:11-07:00" level=info msg=NewConnection DisableClientMultiStatements=false connectionID=512
time="2026-09-03T07:12:11-07:00" level=info msg=ConnectionClosed connectionID=512
time="2026-09-03T07:12:11-07:00" level=info msg=NewConnection DisableClientMultiStatements=false connectionID=513
time="2026-09-03T07:12:11-07:00" level=info msg=ConnectionClosed connectionID=513
time="2026-09-03T07:12:11-07:00" level=info msg=NewConnection DisableClientMultiStatements=false connectionID=514
time="2026-09-03T07:12:11-07:00" level=info msg=ConnectionClosed connectionID=514
time="2026-09-03T07:12:12-07:00" level=info msg=NewConnection DisableClientMultiStatements=false connectionID=515
time="2026-09-03T07:12:12-07:00" level=info msg=ConnectionClosed connectionID=515
time="2026-09-03T07:12:12-07:00" level=info msg=NewConnection DisableClientMultiStatements=false connectionID=516
time="2026-09-03T07:12:12-07:00" level=info msg=ConnectionClosed connectionID=516
time="2026-09-03T07:12:12-07:00" level=info msg=NewConnection DisableClientMultiStatements=false connectionID=517
time="2026-09-03T07:12:12-07:00" level=info msg=NewConnection DisableClientMultiStatements=false connectionID=518
time="2026-09-03T07:12:12-07:00" level=info msg=ConnectionClosed connectionID=517
time="2026-09-03T07:12:12-07:00" level=info msg=NewConnection DisableClientMultiStatements=false connectionID=519
time="2026-09-03T07:12:12-07:00" level=info msg=ConnectionClosed connectionID=519
time="2026-09-03T07:12:12-07:00" level=info msg=ConnectionClosed connectionID=518
time="2026-09-03T07:12:12-07:00" level=info msg=NewConnection DisableClientMultiStatements=false connectionID=520
time="2026-09-03T07:12:12-07:00" level=info msg=ConnectionClosed connectionID=520
time="2026-09-03T07:12:12-07:00" level=info msg=NewConnection DisableClientMultiStatements=false connectionID=521
time="2026-09-03T07:12:12-07:00" level=info msg=ConnectionClosed connectionID=521
time="2026-09-03T07:12:12-07:00" level=info msg=NewConnection DisableClientMultiStatements=false connectionID=522
time="2026-09-03T07:12:12-07:00" level=info msg=ConnectionClosed connectionID=522
time="2026-09-03T07:12:12-07:00" level=info msg=NewConnection DisableClientMultiStatements=false connectionID=523
time="2026-09-03T07:12:12-07:00" level=info msg=ConnectionClosed connectionID=523
time="2026-09-03T07:12:12-07:00" level=info msg=NewConnection DisableClientMultiStatements=false connectionID=524
time="2026-09-03T07:12:12-07:00" level=info msg=ConnectionClosed connectionID=524
time="2026-09-03T07:12:12-07:00" level=info msg=NewConnection DisableClientMultiStatements=false connectionID=525
time="2026-09-03T07:12:12-07:00" level=info msg=ConnectionClosed connectionID=525
time="2026-09-03T07:12:12-07:00" level=info msg=NewConnection DisableClientMultiStatements=false connectionID=526
time="2026-09-03T07:12:12-07:00" level=info msg=ConnectionClosed connectionID=526
time="2026-09-03T07:12:12-07:00" level=info msg=NewConnection DisableClientMultiStatements=false connectionID=527
time="2026-09-03T07:12:12-07:00" level=info msg=ConnectionClosed connectionID=527
time="2026-09-03T07:12:12-07:00" level=info msg=NewConnection DisableClientMultiStatements=false connectionID=528
time="2026-09-03T07:12:12-07:00" level=info msg=ConnectionClosed connectionID=528
time="2026-09-03T07:12:12-07:00" level=info msg=NewConnection DisableClientMultiStatements=false connectionID=529
time="2026-09-03T07:12:12-07:00" level=info msg=NewConnection DisableClientMultiStatements=false connectionID=530
time="2026-09-03T07:12:12-07:00" level=info msg=ConnectionClosed connectionID=529
time="2026-09-03T07:12:12-07:00" level=info msg=NewConnection DisableClientMultiStatements=false connectionID=531
time="2026-09-03T07:12:12-07:00" level=info msg=ConnectionClosed connectionID=531
time="2026-09-03T07:12:13-07:00" level=info msg=ConnectionClosed connectionID=530
time="2026-09-03T07:12:13-07:00" level=info msg=NewConnection DisableClientMultiStatements=false connectionID=532
time="2026-09-03T07:12:13-07:00" level=info msg=ConnectionClosed connectionID=532
time="2026-09-03T07:12:13-07:00" level=info msg=NewConnection DisableClientMultiStatements=false connectionID=533
time="2026-09-03T07:12:13-07:00" level=info msg=ConnectionClosed connectionID=533
time="2026-09-03T07:12:13-07:00" level=info msg=NewConnection DisableClientMultiStatements=false connectionID=534
time="2026-09-03T07:12:13-07:00" level=info msg=ConnectionClosed connectionID=534
time="2026-09-03T07:12:13-07:00" level=info msg=NewConnection DisableClientMultiStatements=false connectionID=535
time="2026-09-03T07:12:13-07:00" level=info msg=ConnectionClosed connectionID=535
time="2026-09-03T07:12:13-07:00" level=info msg=NewConnection DisableClientMultiStatements=false connectionID=536
time="2026-09-03T07:12:13-07:00" level=info msg=ConnectionClosed connectionID=536
time="2026-09-03T07:12:13-07:00" level=info msg=NewConnection DisableClientMultiStatements=false connectionID=537
time="2026-09-03T07:12:13-07:00" level=info msg=ConnectionClosed connectionID=537
time="2026-09-03T07:12:13-07:00" level=info msg=NewConnection DisableClientMultiStatements=false connectionID=538
time="2026-09-03T07:12:13-07:00" level=info msg=ConnectionClosed connectionID=538
time="2026-09-03T07:12:13-07:00" level=info msg=NewConnection DisableClientMultiStatements=false connectionID=539
time="2026-09-03T07:12:13-07:00" level=info msg=ConnectionClosed connectionID=539
time="2026-09-03T07:12:13-07:00" level=info msg=NewConnection DisableClientMultiStatements=false connectionID=540
time="2026-09-03T07:12:13-07:00" level=info msg=NewConnection DisableClientMultiStatements=false connectionID=541
time="2026-09-03T07:12:13-07:00" level=info msg=ConnectionClosed connectionID=540
time="2026-09-03T07:12:13-07:00" level=info msg=NewConnection DisableClientMultiStatements=false connectionID=542
time="2026-09-03T07:12:13-07:00" level=info msg=ConnectionClosed connectionID=542
time="2026-09-03T07:12:13-07:00" level=info msg=ConnectionClosed connectionID=541
time="2026-09-03T07:12:13-07:00" level=info msg=NewConnection DisableClientMultiStatements=false connectionID=543
time="2026-09-03T07:12:13-07:00" level=info msg=ConnectionClosed connectionID=543
time="2026-09-03T07:12:13-07:00" level=info msg=NewConnection DisableClientMultiStatements=false connectionID=544
time="2026-09-03T07:12:13-07:00" level=info msg=ConnectionClosed connectionID=544
time="2026-09-03T07:12:13-07:00" level=info msg=NewConnection DisableClientMultiStatements=false connectionID=545
time="2026-09-03T07:12:13-07:00" level=info msg=ConnectionClosed connectionID=545
time="2026-09-03T07:12:13-07:00" level=info msg=NewConnection DisableClientMultiStatements=false connectionID=546
time="2026-09-03T07:12:13-07:00" level=info msg=ConnectionClosed connectionID=546
time="2026-09-03T07:12:13-07:00" level=info msg=NewConnection DisableClientMultiStatements=false connectionID=547
time="2026-09-03T07:12:13-07:00" level=info msg=ConnectionClosed connectionID=547
time="2026-09-03T07:12:16-07:00" level=info msg=NewConnection DisableClientMultiStatements=false connectionID=548
time="2026-09-03T07:12:16-07:00" level=info msg=ConnectionClosed connectionID=548
time="2026-09-03T07:12:16-07:00" level=info msg=NewConnection DisableClientMultiStatements=false connectionID=549
time="2026-09-03T07:12:16-07:00" level=info msg=ConnectionClosed connectionID=549
time="2026-09-03T07:12:16-07:00" level=info msg=NewConnection DisableClientMultiStatements=false connectionID=550
time="2026-09-03T07:12:16-07:00" level=info msg=NewConnection DisableClientMultiStatements=false connectionID=551
time="2026-09-03T07:12:16-07:00" level=info msg=ConnectionClosed connectionID=550
time="2026-09-03T07:12:16-07:00" level=info msg=NewConnection DisableClientMultiStatements=false connectionID=552
time="2026-09-03T07:12:16-07:00" level=info msg=ConnectionClosed connectionID=552
time="2026-09-03T07:12:16-07:00" level=info msg=ConnectionClosed connectionID=551
time="2026-09-03T07:12:16-07:00" level=info msg=NewConnection DisableClientMultiStatements=false connectionID=553
time="2026-09-03T07:12:16-07:00" level=info msg=ConnectionClosed connectionID=553
time="2026-09-03T07:12:16-07:00" level=info msg=NewConnection DisableClientMultiStatements=false connectionID=554
time="2026-09-03T07:12:16-07:00" level=info msg=ConnectionClosed connectionID=554
time="2026-09-03T07:12:16-07:00" level=info msg=NewConnection DisableClientMultiStatements=false connectionID=555
time="2026-09-03T07:12:16-07:00" level=info msg=ConnectionClosed connectionID=555
time="2026-09-03T07:12:16-07:00" level=info msg=NewConnection DisableClientMultiStatements=false connectionID=556
time="2026-09-03T07:12:16-07:00" level=info msg=ConnectionClosed connectionID=556
time="2026-09-03T07:12:16-07:00" level=info msg=NewConnection DisableClientMultiStatements=false connectionID=557
time="2026-09-03T07:12:16-07:00" level=info msg=NewConnection DisableClientMultiStatements=false connectionID=558
time="2026-09-03T07:12:16-07:00" level=info msg=ConnectionClosed connectionID=557
time="2026-09-03T07:12:16-07:00" level=info msg=ConnectionClosed connectionID=558
time="2026-09-03T07:12:16-07:00" level=info msg=NewConnection DisableClientMultiStatements=false connectionID=559
time="2026-09-03T07:12:16-07:00" level=info msg=ConnectionClosed connectionID=559
time="2026-09-03T07:12:16-07:00" level=info msg=NewConnection DisableClientMultiStatements=false connectionID=560
time="2026-09-03T07:12:16-07:00" level=info msg=ConnectionClosed connectionID=560
time="2026-09-03T07:12:16-07:00" level=info msg=NewConnection DisableClientMultiStatements=false connectionID=561
time="2026-09-03T07:12:16-07:00" level=info msg=ConnectionClosed connectionID=561
time="2026-09-03T07:12:16-07:00" level=info msg=NewConnection DisableClientMultiStatements=false connectionID=562
time="2026-09-03T07:12:16-07:00" level=info msg=ConnectionClosed connectionID=562
time="2026-09-03T07:12:16-07:00" level=info msg=NewConnection DisableClientMultiStatements=false connectionID=563
time="2026-09-03T07:12:16-07:00" level=info msg=ConnectionClosed connectionID=563
time="2026-09-03T07:12:16-07:00" level=info msg=NewConnection DisableClientMultiStatements=false connectionID=564
time="2026-09-03T07:12:16-07:00" level=info msg=ConnectionClosed connectionID=564
time="2026-09-03T07:12:16-07:00" level=info msg=NewConnection DisableClientMultiStatements=false connectionID=565
time="2026-09-03T07:12:16-07:00" level=info msg=ConnectionClosed connectionID=565
time="2026-09-03T07:12:17-07:00" level=info msg=NewConnection DisableClientMultiStatements=false connectionID=566
time="2026-09-03T07:12:17-07:00" level=info msg=ConnectionClosed connectionID=566
time="2026-09-03T07:12:17-07:00" level=info msg=NewConnection DisableClientMultiStatements=false connectionID=567
time="2026-09-03T07:12:17-07:00" level=info msg=ConnectionClosed connectionID=567
time="2026-09-03T07:12:17-07:00" level=info msg=NewConnection DisableClientMultiStatements=false connectionID=568
time="2026-09-03T07:12:17-07:00" level=info msg=NewConnection DisableClientMultiStatements=false connectionID=569
time="2026-09-03T07:12:17-07:00" level=info msg=ConnectionClosed connectionID=568
time="2026-09-03T07:12:17-07:00" level=info msg=NewConnection DisableClientMultiStatements=false connectionID=570
time="2026-09-03T07:12:17-07:00" level=info msg=ConnectionClosed connectionID=570
time="2026-09-03T07:12:17-07:00" level=info msg=ConnectionClosed connectionID=569
time="2026-09-03T07:12:17-07:00" level=info msg=NewConnection DisableClientMultiStatements=false connectionID=571
time="2026-09-03T07:12:17-07:00" level=info msg=ConnectionClosed connectionID=571
time="2026-09-03T07:12:17-07:00" level=info msg=NewConnection DisableClientMultiStatements=false connectionID=572
time="2026-09-03T07:12:17-07:00" level=info msg=ConnectionClosed connectionID=572
time="2026-09-03T07:12:17-07:00" level=info msg=NewConnection DisableClientMultiStatements=false connectionID=573
time="2026-09-03T07:12:17-07:00" level=info msg=ConnectionClosed connectionID=573
time="2026-09-03T07:12:17-07:00" level=info msg=NewConnection DisableClientMultiStatements=false connectionID=574
time="2026-09-03T07:12:17-07:00" level=info msg=ConnectionClosed connectionID=574
time="2026-09-03T07:12:17-07:00" level=info msg=NewConnection DisableClientMultiStatements=false connectionID=575
time="2026-09-03T07:12:17-07:00" level=info msg=ConnectionClosed connectionID=575
time="2026-09-03T07:12:17-07:00" level=info msg=NewConnection DisableClientMultiStatements=false connectionID=576
time="2026-09-03T07:12:17-07:00" level=info msg=ConnectionClosed connectionID=576
time="2026-09-03T07:12:17-07:00" level=info msg=NewConnection DisableClientMultiStatements=false connectionID=577
time="2026-09-03T07:12:17-07:00" level=info msg=NewConnection DisableClientMultiStatements=false connectionID=578
time="2026-09-03T07:12:17-07:00" level=info msg=ConnectionClosed connectionID=577
time="2026-09-03T07:12:17-07:00" level=info msg=NewConnection DisableClientMultiStatements=false connectionID=579
time="2026-09-03T07:12:17-07:00" level=info msg=ConnectionClosed connectionID=578
time="2026-09-03T07:12:17-07:00" level=info msg=NewConnection DisableClientMultiStatements=false connectionID=580
time="2026-09-03T07:12:17-07:00" level=info msg=ConnectionClosed connectionID=580
time="2026-09-03T07:12:17-07:00" level=info msg=ConnectionClosed connectionID=579
time="2026-09-03T07:12:17-07:00" level=info msg=NewConnection DisableClientMultiStatements=false connectionID=581
time="2026-09-03T07:12:17-07:00" level=info msg=ConnectionClosed connectionID=581
time="2026-09-03T07:12:17-07:00" level=info msg=NewConnection DisableClientMultiStatements=false connectionID=582
time="2026-09-03T07:12:17-07:00" level=info msg=ConnectionClosed connectionID=582
time="2026-09-03T07:12:17-07:00" level=info msg=NewConnection DisableClientMultiStatements=false connectionID=583
time="2026-09-03T07:12:17-07:00" level=info msg=ConnectionClosed connectionID=583
time="2026-09-03T07:12:17-07:00" level=info msg=NewConnection DisableClientMultiStatements=false connectionID=584
time="2026-09-03T07:12:17-07:00" level=info msg=ConnectionClosed connectionID=584
time="2026-09-03T07:12:18-07:00" level=info msg=NewConnection DisableClientMultiStatements=false connectionID=585
time="2026-09-03T07:12:18-07:00" level=info msg=ConnectionClosed connectionID=585
time="2026-09-03T07:12:18-07:00" level=info msg=NewConnection DisableClientMultiStatements=false connectionID=586
time="2026-09-03T07:12:18-07:00" level=info msg=NewConnection DisableClientMultiStatements=false connectionID=587
time="2026-09-03T07:12:18-07:00" level=info msg=ConnectionClosed connectionID=586
time="2026-09-03T07:12:18-07:00" level=info msg=ConnectionClosed connectionID=587
time="2026-09-03T07:12:18-07:00" level=info msg=NewConnection DisableClientMultiStatements=false connectionID=588
time="2026-09-03T07:12:18-07:00" level=info msg=ConnectionClosed connectionID=588
time="2026-09-03T07:12:18-07:00" level=info msg=NewConnection DisableClientMultiStatements=false connectionID=589
time="2026-09-03T07:12:18-07:00" level=info msg=ConnectionClosed connectionID=589
time="2026-09-03T07:12:18-07:00" level=info msg=NewConnection DisableClientMultiStatements=false connectionID=590
time="2026-09-03T07:12:18-07:00" level=info msg=ConnectionClosed connectionID=590
time="2026-09-03T07:12:18-07:00" level=info msg=NewConnection DisableClientMultiStatements=false connectionID=591
time="2026-09-03T07:12:18-07:00" level=info msg=ConnectionClosed connectionID=591
time="2026-09-03T07:12:18-07:00" level=info msg=NewConnection DisableClientMultiStatements=false connectionID=592
time="2026-09-03T07:12:18-07:00" level=info msg=ConnectionClosed connectionID=592
time="2026-09-03T07:12:18-07:00" level=info msg=NewConnection DisableClientMultiStatements=false connectionID=593
time="2026-09-03T07:12:18-07:00" level=info msg=ConnectionClosed connectionID=593
time="2026-09-03T07:12:18-07:00" level=info msg=NewConnection DisableClientMultiStatements=false connectionID=594
time="2026-09-03T07:12:18-07:00" level=info msg=ConnectionClosed connectionID=594
time="2026-09-03T07:12:18-07:00" level=info msg=NewConnection DisableClientMultiStatements=false connectionID=595
time="2026-09-03T07:12:18-07:00" level=info msg=ConnectionClosed connectionID=595
time="2026-09-03T07:12:18-07:00" level=info msg=NewConnection DisableClientMultiStatements=false connectionID=596
time="2026-09-03T07:12:18-07:00" level=info msg=ConnectionClosed connectionID=596
time="2026-09-03T07:12:18-07:00" level=info msg=NewConnection DisableClientMultiStatements=false connectionID=597
time="2026-09-03T07:12:18-07:00" level=info msg=NewConnection DisableClientMultiStatements=false connectionID=598
time="2026-09-03T07:12:18-07:00" level=info msg=ConnectionClosed connectionID=597
time="2026-09-03T07:12:18-07:00" level=info msg=NewConnection DisableClientMultiStatements=false connectionID=599
time="2026-09-03T07:12:18-07:00" level=info msg=ConnectionClosed connectionID=599
time="2026-09-03T07:12:18-07:00" level=info msg=ConnectionClosed connectionID=598
time="2026-09-03T07:12:18-07:00" level=info msg=NewConnection DisableClientMultiStatements=false connectionID=600
time="2026-09-03T07:12:18-07:00" level=info msg=ConnectionClosed connectionID=600
time="2026-09-03T07:12:18-07:00" level=info msg=NewConnection DisableClientMultiStatements=false connectionID=601
time="2026-09-03T07:12:18-07:00" level=info msg=ConnectionClosed connectionID=601
time="2026-09-03T07:12:18-07:00" level=info msg=NewConnection DisableClientMultiStatements=false connectionID=602
time="2026-09-03T07:12:18-07:00" level=info msg=ConnectionClosed connectionID=602
time="2026-09-03T07:12:18-07:00" level=info msg=NewConnection DisableClientMultiStatements=false connectionID=603
time="2026-09-03T07:12:18-07:00" level=info msg=ConnectionClosed connectionID=603
time="2026-09-03T07:12:18-07:00" level=info msg=NewConnection DisableClientMultiStatements=false connectionID=604
time="2026-09-03T07:12:18-07:00" level=info msg=ConnectionClosed connectionID=604
time="2026-09-03T07:12:18-07:00" level=info msg=NewConnection DisableClientMultiStatements=false connectionID=605
time="2026-09-03T07:12:18-07:00" level=info msg=ConnectionClosed connectionID=605
time="2026-09-03T07:12:18-07:00" level=info msg=NewConnection DisableClientMultiStatements=false connectionID=606
time="2026-09-03T07:12:18-07:00" level=info msg=ConnectionClosed connectionID=606
time="2026-09-03T07:12:19-07:00" level=info msg=NewConnection DisableClientMultiStatements=false connectionID=607
time="2026-09-03T07:12:19-07:00" level=info msg=ConnectionClosed connectionID=607
time="2026-09-03T07:12:19-07:00" level=info msg=NewConnection DisableClientMultiStatements=false connectionID=608
time="2026-09-03T07:12:19-07:00" level=info msg=ConnectionClosed connectionID=608
time="2026-09-03T07:12:19-07:00" level=info msg=NewConnection DisableClientMultiStatements=false connectionID=609
time="2026-09-03T07:12:19-07:00" level=info msg=ConnectionClosed connectionID=609
time="2026-09-03T07:12:19-07:00" level=info msg=NewConnection DisableClientMultiStatements=false connectionID=610
time="2026-09-03T07:12:19-07:00" level=info msg=ConnectionClosed connectionID=610
time="2026-09-03T07:12:19-07:00" level=info msg=NewConnection DisableClientMultiStatements=false connectionID=611
time="2026-09-03T07:12:19-07:00" level=info msg=NewConnection DisableClientMultiStatements=false connectionID=612
time="2026-09-03T07:12:19-07:00" level=info msg=ConnectionClosed connectionID=611
time="2026-09-03T07:12:19-07:00" level=warning msg="error running query" connectTime="2026-09-03 07:12:19.346980636 -0700 PDT m=+37.980076309" connectionDb=contract1788444701999rm connectionID=612 error="table not found: schema_migrations" queryTime="2026-09-03 07:12:19.348276234 -0700 PDT m=+37.981371923"
time="2026-09-03T07:12:19-07:00" level=info msg=NewConnection DisableClientMultiStatements=false connectionID=613
time="2026-09-03T07:12:19-07:00" level=warning msg="error running query" connectTime="2026-09-03 07:12:19.348867465 -0700 PDT m=+37.981963154" connectionDb=contract1788444701999rm connectionID=613 error="table not found: schema_migrations" queryTime="2026-09-03 07:12:19.349941063 -0700 PDT m=+37.983036736"
time="2026-09-03T07:12:19-07:00" level=warning msg="error running query" connectTime="2026-09-03 07:12:19.348867465 -0700 PDT m=+37.981963154" connectionDb=contract1788444701999rm connectionID=613 error="table not found: schema_migrations" queryTime="2026-09-03 07:12:19.350993477 -0700 PDT m=+37.984089134"
time="2026-09-03T07:12:19-07:00" level=warning msg="error running query" connectTime="2026-09-03 07:12:19.348867465 -0700 PDT m=+37.981963154" connectionDb=contract1788444701999rm connectionID=613 error="table not found: schema_migrations" queryTime="2026-09-03 07:12:19.352773825 -0700 PDT m=+37.985869482"
time="2026-09-03T07:12:21-07:00" level=warning msg="error running query" connectTime="2026-09-03 07:12:19.348867465 -0700 PDT m=+37.981963154" connectionDb=contract1788444701999rm connectionID=613 error="table not found: ignored_schema_migrations" queryTime="2026-09-03 07:12:21.046051267 -0700 PDT m=+39.679146956"
time="2026-09-03T07:12:21-07:00" level=info msg=ConnectionClosed connectionID=613
time="2026-09-03T07:12:21-07:00" level=info msg=ConnectionClosed connectionID=612
time="2026-09-03T07:12:21-07:00" level=info msg=NewConnection DisableClientMultiStatements=false connectionID=614
time="2026-09-03T07:12:21-07:00" level=info msg=ConnectionClosed connectionID=614
time="2026-09-03T07:12:21-07:00" level=info msg=NewConnection DisableClientMultiStatements=false connectionID=615
time="2026-09-03T07:12:21-07:00" level=info msg=NewConnection DisableClientMultiStatements=false connectionID=616
time="2026-09-03T07:12:21-07:00" level=info msg=ConnectionClosed connectionID=615
time="2026-09-03T07:12:21-07:00" level=info msg=ConnectionClosed connectionID=616
time="2026-09-03T07:12:22-07:00" level=info msg=NewConnection DisableClientMultiStatements=false connectionID=617
time="2026-09-03T07:12:22-07:00" level=info msg=ConnectionClosed connectionID=617
time="2026-09-03T07:12:22-07:00" level=info msg=NewConnection DisableClientMultiStatements=false connectionID=618
time="2026-09-03T07:12:22-07:00" level=info msg=NewConnection DisableClientMultiStatements=false connectionID=619
time="2026-09-03T07:12:22-07:00" level=info msg=ConnectionClosed connectionID=618
time="2026-09-03T07:12:22-07:00" level=info msg=ConnectionClosed connectionID=619
time="2026-09-03T07:12:22-07:00" level=info msg=NewConnection DisableClientMultiStatements=false connectionID=620
time="2026-09-03T07:12:22-07:00" level=info msg=ConnectionClosed connectionID=620
time="2026-09-03T07:12:22-07:00" level=info msg=NewConnection DisableClientMultiStatements=false connectionID=621
time="2026-09-03T07:12:22-07:00" level=info msg=NewConnection DisableClientMultiStatements=false connectionID=622
time="2026-09-03T07:12:22-07:00" level=info msg=ConnectionClosed connectionID=621
time="2026-09-03T07:12:22-07:00" level=info msg=ConnectionClosed connectionID=622
time="2026-09-03T07:12:22-07:00" level=info msg=NewConnection DisableClientMultiStatements=false connectionID=623
time="2026-09-03T07:12:22-07:00" level=info msg=ConnectionClosed connectionID=623
time="2026-09-03T07:12:22-07:00" level=info msg=NewConnection DisableClientMultiStatements=false connectionID=624
time="2026-09-03T07:12:22-07:00" level=info msg=ConnectionClosed connectionID=624
time="2026-09-03T07:12:22-07:00" level=info msg=NewConnection DisableClientMultiStatements=false connectionID=625
time="2026-09-03T07:12:22-07:00" level=info msg=ConnectionClosed connectionID=625
time="2026-09-03T07:12:22-07:00" level=info msg=NewConnection DisableClientMultiStatements=false connectionID=626
time="2026-09-03T07:12:22-07:00" level=info msg=ConnectionClosed connectionID=626
time="2026-09-03T07:12:22-07:00" level=info msg=NewConnection DisableClientMultiStatements=false connectionID=627
time="2026-09-03T07:12:22-07:00" level=info msg=ConnectionClosed connectionID=627
time="2026-09-03T07:12:22-07:00" level=info msg=NewConnection DisableClientMultiStatements=false connectionID=628
time="2026-09-03T07:12:22-07:00" level=info msg=ConnectionClosed connectionID=628
time="2026-09-03T07:12:22-07:00" level=info msg=NewConnection DisableClientMultiStatements=false connectionID=629
time="2026-09-03T07:12:22-07:00" level=info msg=NewConnection DisableClientMultiStatements=false connectionID=630
time="2026-09-03T07:12:22-07:00" level=info msg=ConnectionClosed connectionID=629
time="2026-09-03T07:12:22-07:00" level=info msg=NewConnection DisableClientMultiStatements=false connectionID=631
time="2026-09-03T07:12:22-07:00" level=info msg=ConnectionClosed connectionID=631
time="2026-09-03T07:12:22-07:00" level=warning msg="error running query" connectTime="2026-09-03 07:12:22.556269784 -0700 PDT m=+41.189365473" connectionDb=contract1788444701999rm connectionID=630 error="backup 'backup_export' not found" queryTime="2026-09-03 07:12:22.664348837 -0700 PDT m=+41.297444494"
time="2026-09-03T07:12:22-07:00" level=info msg=ConnectionClosed connectionID=630
time="2026-09-03T07:12:22-07:00" level=info msg=NewConnection DisableClientMultiStatements=false connectionID=632
time="2026-09-03T07:12:22-07:00" level=info msg=ConnectionClosed connectionID=632
time="2026-09-03T07:12:22-07:00" level=info msg=NewConnection DisableClientMultiStatements=false connectionID=633
time="2026-09-03T07:12:22-07:00" level=info msg=ConnectionClosed connectionID=633
time="2026-09-03T07:12:22-07:00" level=info msg=NewConnection DisableClientMultiStatements=false connectionID=634
time="2026-09-03T07:12:22-07:00" level=info msg=ConnectionClosed connectionID=634
time="2026-09-03T07:12:22-07:00" level=info msg=NewConnection DisableClientMultiStatements=false connectionID=635
time="2026-09-03T07:12:22-07:00" level=info msg=ConnectionClosed connectionID=635
time="2026-09-03T07:12:22-07:00" level=info msg=NewConnection DisableClientMultiStatements=false connectionID=636
time="2026-09-03T07:12:22-07:00" level=info msg=ConnectionClosed connectionID=636
time="2026-09-03T07:12:22-07:00" level=info msg=NewConnection DisableClientMultiStatements=false connectionID=637
time="2026-09-03T07:12:22-07:00" level=info msg=ConnectionClosed connectionID=637
time="2026-09-03T07:12:22-07:00" level=info msg=NewConnection DisableClientMultiStatements=false connectionID=638
time="2026-09-03T07:12:22-07:00" level=info msg=ConnectionClosed connectionID=638
time="2026-09-03T07:12:22-07:00" level=info msg=NewConnection DisableClientMultiStatements=false connectionID=639
time="2026-09-03T07:12:22-07:00" level=info msg=ConnectionClosed connectionID=639
time="2026-09-03T07:12:23-07:00" level=info msg=NewConnection DisableClientMultiStatements=false connectionID=640
time="2026-09-03T07:12:23-07:00" level=info msg=ConnectionClosed connectionID=640
time="2026-09-03T07:12:23-07:00" level=info msg=NewConnection DisableClientMultiStatements=false connectionID=641
time="2026-09-03T07:12:23-07:00" level=info msg=NewConnection DisableClientMultiStatements=false connectionID=642
time="2026-09-03T07:12:23-07:00" level=info msg=ConnectionClosed connectionID=641
time="2026-09-03T07:12:23-07:00" level=warning msg="error running query" connectTime="2026-09-03 07:12:23.233285538 -0700 PDT m=+41.866381211" connectionDb=contract1788444701999rm connectionID=642 error="table not found: schema_migrations" queryTime="2026-09-03 07:12:23.235499469 -0700 PDT m=+41.868595142"
time="2026-09-03T07:12:23-07:00" level=info msg=NewConnection DisableClientMultiStatements=false connectionID=643
time="2026-09-03T07:12:23-07:00" level=warning msg="error running query" connectTime="2026-09-03 07:12:23.23626606 -0700 PDT m=+41.869361717" connectionDb=contract1788444701999rm connectionID=643 error="table not found: schema_migrations" queryTime="2026-09-03 07:12:23.237098298 -0700 PDT m=+41.870193971"
time="2026-09-03T07:12:23-07:00" level=warning msg="error running query" connectTime="2026-09-03 07:12:23.23626606 -0700 PDT m=+41.869361717" connectionDb=contract1788444701999rm connectionID=643 error="table not found: schema_migrations" queryTime="2026-09-03 07:12:23.23904751 -0700 PDT m=+41.872143183"
time="2026-09-03T07:12:23-07:00" level=warning msg="error running query" connectTime="2026-09-03 07:12:23.23626606 -0700 PDT m=+41.869361717" connectionDb=contract1788444701999rm connectionID=643 error="table not found: schema_migrations" queryTime="2026-09-03 07:12:23.241078003 -0700 PDT m=+41.874173676"
time="2026-09-03T07:12:24-07:00" level=warning msg="error running query" connectTime="2026-09-03 07:12:23.23626606 -0700 PDT m=+41.869361717" connectionDb=contract1788444701999rm connectionID=643 error="table not found: ignored_schema_migrations" queryTime="2026-09-03 07:12:24.924437476 -0700 PDT m=+43.557533133"
time="2026-09-03T07:12:25-07:00" level=info msg=ConnectionClosed connectionID=643
time="2026-09-03T07:12:25-07:00" level=info msg=ConnectionClosed connectionID=642
time="2026-09-03T07:12:25-07:00" level=info msg=NewConnection DisableClientMultiStatements=false connectionID=644
time="2026-09-03T07:12:25-07:00" level=info msg=ConnectionClosed connectionID=644
time="2026-09-03T07:12:25-07:00" level=info msg=NewConnection DisableClientMultiStatements=false connectionID=645
time="2026-09-03T07:12:25-07:00" level=info msg=NewConnection DisableClientMultiStatements=false connectionID=646
time="2026-09-03T07:12:25-07:00" level=info msg=ConnectionClosed connectionID=645
time="2026-09-03T07:12:25-07:00" level=info msg=ConnectionClosed connectionID=646
time="2026-09-03T07:12:25-07:00" level=info msg=NewConnection DisableClientMultiStatements=false connectionID=647
time="2026-09-03T07:12:25-07:00" level=info msg=ConnectionClosed connectionID=647
time="2026-09-03T07:12:25-07:00" level=info msg=NewConnection DisableClientMultiStatements=false connectionID=648
time="2026-09-03T07:12:25-07:00" level=info msg=NewConnection DisableClientMultiStatements=false connectionID=649
time="2026-09-03T07:12:25-07:00" level=info msg=ConnectionClosed connectionID=648
time="2026-09-03T07:12:25-07:00" level=info msg=ConnectionClosed connectionID=649
time="2026-09-03T07:12:26-07:00" level=info msg=NewConnection DisableClientMultiStatements=false connectionID=650
time="2026-09-03T07:12:26-07:00" level=info msg=ConnectionClosed connectionID=650
time="2026-09-03T07:12:26-07:00" level=info msg=NewConnection DisableClientMultiStatements=false connectionID=651
time="2026-09-03T07:12:26-07:00" level=info msg=NewConnection DisableClientMultiStatements=false connectionID=652
time="2026-09-03T07:12:26-07:00" level=info msg=ConnectionClosed connectionID=651
time="2026-09-03T07:12:26-07:00" level=info msg=ConnectionClosed connectionID=652
time="2026-09-03T07:12:26-07:00" level=info msg=NewConnection DisableClientMultiStatements=false connectionID=653
time="2026-09-03T07:12:26-07:00" level=info msg=ConnectionClosed connectionID=653
time="2026-09-03T07:12:26-07:00" level=info msg=NewConnection DisableClientMultiStatements=false connectionID=654
time="2026-09-03T07:12:26-07:00" level=info msg=ConnectionClosed connectionID=654
time="2026-09-03T07:12:26-07:00" level=info msg=NewConnection DisableClientMultiStatements=false connectionID=655
time="2026-09-03T07:12:26-07:00" level=info msg=ConnectionClosed connectionID=655
time="2026-09-03T07:12:26-07:00" level=info msg=NewConnection DisableClientMultiStatements=false connectionID=656
time="2026-09-03T07:12:26-07:00" level=info msg=ConnectionClosed connectionID=656
time="2026-09-03T07:12:26-07:00" level=info msg=NewConnection DisableClientMultiStatements=false connectionID=657
time="2026-09-03T07:12:26-07:00" level=info msg=ConnectionClosed connectionID=657
time="2026-09-03T07:12:26-07:00" level=info msg=NewConnection DisableClientMultiStatements=false connectionID=658
time="2026-09-03T07:12:26-07:00" level=info msg=ConnectionClosed connectionID=658
time="2026-09-03T07:12:26-07:00" level=info msg=NewConnection DisableClientMultiStatements=false connectionID=659
time="2026-09-03T07:12:26-07:00" level=info msg=ConnectionClosed connectionID=659
time="2026-09-03T07:12:26-07:00" level=info msg=NewConnection DisableClientMultiStatements=false connectionID=660
time="2026-09-03T07:12:26-07:00" level=info msg=ConnectionClosed connectionID=660
time="2026-09-03T07:12:26-07:00" level=info msg=NewConnection DisableClientMultiStatements=false connectionID=661
time="2026-09-03T07:12:26-07:00" level=info msg=ConnectionClosed connectionID=661
time="2026-09-03T07:12:26-07:00" level=info msg=NewConnection DisableClientMultiStatements=false connectionID=662
time="2026-09-03T07:12:26-07:00" level=info msg=ConnectionClosed connectionID=662
time="2026-09-03T07:12:26-07:00" level=info msg=NewConnection DisableClientMultiStatements=false connectionID=663
time="2026-09-03T07:12:26-07:00" level=warning msg="error running query" connectTime="2026-09-03 07:12:26.475273174 -0700 PDT m=+45.108368847" connectionID=663 error="database not found: contract1788444701999atomic" queryTime="2026-09-03 07:12:26.476485795 -0700 PDT m=+45.109581468"
time="2026-09-03T07:12:26-07:00" level=info msg=ConnectionClosed connectionID=663
time="2026-09-03T07:12:26-07:00" level=info msg=NewConnection DisableClientMultiStatements=false connectionID=664
time="2026-09-03T07:12:26-07:00" level=info msg=ConnectionClosed connectionID=664
time="2026-09-03T07:12:26-07:00" level=info msg=NewConnection DisableClientMultiStatements=false connectionID=666
time="2026-09-03T07:12:26-07:00" level=info msg=NewConnection DisableClientMultiStatements=false connectionID=665
time="2026-09-03T07:12:26-07:00" level=info msg=ConnectionClosed connectionID=665
time="2026-09-03T07:12:26-07:00" level=info msg=NewConnection DisableClientMultiStatements=false connectionID=667
time="2026-09-03T07:12:26-07:00" level=info msg=ConnectionClosed connectionID=666
time="2026-09-03T07:12:26-07:00" level=warning msg="error running query" connectTime="2026-09-03 07:12:26.741421375 -0700 PDT m=+45.374517064" connectionDb=contract1788444701999atomic connectionID=667 error="table not found: schema_migrations" queryTime="2026-09-03 07:12:26.74270446 -0700 PDT m=+45.375800133"
time="2026-09-03T07:12:26-07:00" level=info msg=NewConnection DisableClientMultiStatements=false connectionID=668
time="2026-09-03T07:12:26-07:00" level=warning msg="error running query" connectTime="2026-09-03 07:12:26.742968444 -0700 PDT m=+45.376064101" connectionDb=contract1788444701999atomic connectionID=668 error="table not found: schema_migrations" queryTime="2026-09-03 07:12:26.743418715 -0700 PDT m=+45.376514388"
time="2026-09-03T07:12:26-07:00" level=warning msg="error running query" connectTime="2026-09-03 07:12:26.742968444 -0700 PDT m=+45.376064101" connectionDb=contract1788444701999atomic connectionID=668 error="table not found: schema_migrations" queryTime="2026-09-03 07:12:26.744083002 -0700 PDT m=+45.377178675"
time="2026-09-03T07:12:26-07:00" level=warning msg="error running query" connectTime="2026-09-03 07:12:26.742968444 -0700 PDT m=+45.376064101" connectionDb=contract1788444701999atomic connectionID=668 error="table not found: schema_migrations" queryTime="2026-09-03 07:12:26.746697285 -0700 PDT m=+45.379792958"
time="2026-09-03T07:12:28-07:00" level=warning msg="error running query" connectTime="2026-09-03 07:12:26.742968444 -0700 PDT m=+45.376064101" connectionDb=contract1788444701999atomic connectionID=668 error="table not found: ignored_schema_migrations" queryTime="2026-09-03 07:12:28.327419803 -0700 PDT m=+46.960515476"
time="2026-09-03T07:12:28-07:00" level=info msg=ConnectionClosed connectionID=668
time="2026-09-03T07:12:28-07:00" level=info msg=ConnectionClosed connectionID=667
time="2026-09-03T07:12:29-07:00" level=info msg=NewConnection DisableClientMultiStatements=false connectionID=669
time="2026-09-03T07:12:29-07:00" level=info msg=NewConnection DisableClientMultiStatements=false connectionID=670
time="2026-09-03T07:12:29-07:00" level=info msg=ConnectionClosed connectionID=669
time="2026-09-03T07:12:29-07:00" level=info msg=NewConnection DisableClientMultiStatements=false connectionID=671
time="2026-09-03T07:12:29-07:00" level=info msg=ConnectionClosed connectionID=670
time="2026-09-03T07:12:29-07:00" level=info msg=ConnectionClosed connectionID=671
time="2026-09-03T07:12:29-07:00" level=info msg=NewConnection DisableClientMultiStatements=false connectionID=672
time="2026-09-03T07:12:29-07:00" level=info msg=ConnectionClosed connectionID=672
time="2026-09-03T07:12:29-07:00" level=info msg=NewConnection DisableClientMultiStatements=false connectionID=673
time="2026-09-03T07:12:29-07:00" level=info msg=NewConnection DisableClientMultiStatements=false connectionID=674
time="2026-09-03T07:12:29-07:00" level=info msg=ConnectionClosed connectionID=673
time="2026-09-03T07:12:29-07:00" level=info msg=ConnectionClosed connectionID=674
time="2026-09-03T07:12:29-07:00" level=info msg=NewConnection DisableClientMultiStatements=false connectionID=675
time="2026-09-03T07:12:29-07:00" level=info msg=ConnectionClosed connectionID=675
time="2026-09-03T07:12:29-07:00" level=info msg=NewConnection DisableClientMultiStatements=false connectionID=676
time="2026-09-03T07:12:29-07:00" level=info msg=NewConnection DisableClientMultiStatements=false connectionID=677
time="2026-09-03T07:12:29-07:00" level=info msg=ConnectionClosed connectionID=676
time="2026-09-03T07:12:29-07:00" level=info msg=ConnectionClosed connectionID=677
time="2026-09-03T07:12:29-07:00" level=info msg=NewConnection DisableClientMultiStatements=false connectionID=678
time="2026-09-03T07:12:29-07:00" level=info msg=ConnectionClosed connectionID=678
time="2026-09-03T07:12:29-07:00" level=info msg=NewConnection DisableClientMultiStatements=false connectionID=679
time="2026-09-03T07:12:29-07:00" level=info msg=ConnectionClosed connectionID=679
time="2026-09-03T07:12:29-07:00" level=info msg=NewConnection DisableClientMultiStatements=false connectionID=680
time="2026-09-03T07:12:29-07:00" level=info msg=ConnectionClosed connectionID=680
time="2026-09-03T07:12:29-07:00" level=info msg=NewConnection DisableClientMultiStatements=false connectionID=681
time="2026-09-03T07:12:29-07:00" level=info msg=ConnectionClosed connectionID=681
time="2026-09-03T07:12:29-07:00" level=info msg=NewConnection DisableClientMultiStatements=false connectionID=682
time="2026-09-03T07:12:29-07:00" level=info msg=ConnectionClosed connectionID=682
time="2026-09-03T07:12:29-07:00" level=info msg=NewConnection DisableClientMultiStatements=false connectionID=683
time="2026-09-03T07:12:29-07:00" level=info msg=ConnectionClosed connectionID=683
time="2026-09-03T07:12:29-07:00" level=info msg=NewConnection DisableClientMultiStatements=false connectionID=684
time="2026-09-03T07:12:29-07:00" level=info msg="stats stopped: context canceled"
time="2026-09-03T07:12:29-07:00" level=info msg=ConnectionClosed connectionID=684
time="2026-09-03T07:12:29-07:00" level=info msg=NewConnection DisableClientMultiStatements=false connectionID=685
time="2026-09-03T07:12:29-07:00" level=warning msg="error running query" connectTime="2026-09-03 07:12:29.765882309 -0700 PDT m=+48.398977998" connectionID=685 error="database not found: contract1788444701999rm" queryTime="2026-09-03 07:12:29.768120273 -0700 PDT m=+48.401215946"
time="2026-09-03T07:12:29-07:00" level=info msg=ConnectionClosed connectionID=685
time="2026-09-03T07:12:29-07:00" level=info msg=NewConnection DisableClientMultiStatements=false connectionID=686
time="2026-09-03T07:12:29-07:00" level=info msg="stats stopped: context canceled"
time="2026-09-03T07:12:29-07:00" level=info msg=ConnectionClosed connectionID=686
time="2026-09-03T07:12:29-07:00" level=info msg=NewConnection DisableClientMultiStatements=false connectionID=687
time="2026-09-03T07:12:29-07:00" level=info msg=ConnectionClosed connectionID=687
--------------------------- Captured stderr teardown ---------------------------
time="2026-09-03T07:12:29-07:00" level=info msg=NewConnection DisableClientMultiStatements=false connectionID=688
time="2026-09-03T07:12:29-07:00" level=info msg=ConnectionClosed connectionID=688
time="2026-09-03T07:12:29-07:00" level=info msg="Server closing listener. No longer accepting connections."
time="2026-09-03T07:12:29-07:00" level=info msg="stats stopped: context canceled"
=========================== short test summary info ============================
FAILED tests/cli/test_cli_surface.py::test_doctor_quick_succeeds_against_the_real_installed_bd
1 failed in 48.67s
exit=1
